,Unnamed: 0,Name,Address,Coordinates,Name + Address,second_best_match,second_best_score
0,0,"Moody Gardens Hotel, Spa and Convention Center","7 Hope Boulevard, Galveston","{'lat': 29.2734603, 'lng': -94.85032249999999}","Moody Gardens Hotel, Spa and Convention Center7 Hope Boulevard, Galveston","Rainforest Cafe5310 Seawall Boulevard, Galveston",86
1,1,Rainforest Cafe,"5310 Seawall Boulevard, Galveston","{'lat': 29.2707531, 'lng': -94.8202072}","Rainforest Cafe5310 Seawall Boulevard, Galveston","Moody Gardens Hotel, Spa and Convention Center7 Hope Boulevard, Galveston",86
2,2,Landry's Prime Seafood & Steaks,"5310 Seawall Boulevard, Galveston","{'lat': 29.2707352, 'lng': -94.8202317}","Landry's Prime Seafood & Steaks5310 Seawall Boulevard, Galveston","Landry's Prime Seafood & Steaks5310 Seawall Blvd Galveston, TX 77551",88
3,3,Number 13 Prime Steak and Seafood,"7809 Broadway Street, Galveston","{'lat': 29.2850878, 'lng': -94.85753559999999}","Number 13 Prime Steak and Seafood7809 Broadway Street, Galveston","The Spot3204 Seawall Boulevard, Galveston",86
4,4,Fisherman's Wharf,"2200 Harborside Drive, Galveston","{'lat': 29.3089314, 'lng': -94.7936367}","Fisherman's Wharf2200 Harborside Drive, Galveston","Russo's New York Pizzeria & Italian Kitchen - Galveston500 Seawall Boulevard #300, Galveston",86
5,5,The Spot,"3204 Seawall Boulevard, Galveston","{'lat': 29.2836047, 'lng': -94.7980051}","The Spot3204 Seawall Boulevard, Galveston","Drip3204 Seawall Boulevard, Galveston",87
6,6,Shrimp N Stuff,"3901 Avenue O, Galveston","{'lat': 29.2888755, 'lng': -94.8084087}","Shrimp N Stuff3901 Avenue O, Galveston","Moody Gardens Hotel, Spa and Convention Center7 Hope Boulevard, Galveston",86
7,7,Willie G's Seafood & Steaks,"2100 Harborside Drive, Galveston","{'lat': 29.309303, 'lng': -94.79280299999999}","Willie G's Seafood & Steaks2100 Harborside Drive, Galveston","Shrimp N Stuff3901 Avenue O, Galveston",86
8,8,Nick's Kitchen and Beach Bar,"3802 Seawall Boulevard, Galveston","{'lat': 29.2797917, 'lng': -94.8040028}","Nick's Kitchen and Beach Bar3802 Seawall Boulevard, Galveston","Shrimp N Stuff3901 Avenue O, Galveston",86
9,9,Gaido's,"3828 Seawall Boulevard, Galveston","{'lat': 29.2796255, 'lng': -94.80449999999999}","Gaido's3828 Seawall Boulevard, Galveston","Moody Gardens Hotel, Spa and Convention Center7 Hope Boulevard, Galveston",86
10,10,Subway,"4908 Seawall Boulevard, Galveston","{'lat': 29.273623, 'lng': -94.8154952}","Subway4908 Seawall Boulevard, Galveston","Moody Gardens Hotel, Spa and Convention Center7 Hope Boulevard, Galveston",86
11,11,Mario's Seawall Italian Restaurant,"628 Seawall Boulevard, Galveston","{'lat': 29.3043293, 'lng': -94.77317719999999}","Mario's Seawall Italian Restaurant628 Seawall Boulevard, Galveston","The Spot3204 Seawall Boulevard, Galveston",86
12,12,Joe's Crab Shack,"3502 Seawall Boulevard, Galveston","{'lat': 29.28157029999999, 'lng': -94.8014962}","Joe's Crab Shack3502 Seawall Boulevard, Galveston","Russo's New York Pizzeria & Italian Kitchen - Galveston500 Seawall Boulevard #300, Galveston",86
13,13,Papa's Pizza,"4400 Seawall Boulevard, Galveston","{'lat': 29.276502, 'lng': -94.809653}","Papa's Pizza4400 Seawall Boulevard, Galveston","Moody Gardens Hotel, Spa and Convention Center7 Hope Boulevard, Galveston",86
14,14,Mosquito Cafe,"628 14th Street, Galveston","{'lat': 29.3057145, 'lng': -94.7825488}","Mosquito Cafe628 14th Street, Galveston","Moody Gardens Hotel, Spa and Convention Center7 Hope Boulevard, Galveston",86
15,16,Little Daddy’s Gumbo Bar - Galveston,"2107 Postoffice Street, Galveston","{'lat': 29.304882, 'lng': -94.79147340000002}","Little Daddy’s Gumbo Bar - Galveston2107 Postoffice Street, Galveston","The Spot3204 Seawall Boulevard, Galveston",86
16,17,Black Pearl Oyster Bar,"327 23rd Street, Galveston","{'lat': 29.3054649, 'lng': -94.7940474}","Black Pearl Oyster Bar327 23rd Street, Galveston","Moody Gardens Hotel, Spa and Convention Center7 Hope Boulevard, Galveston",86
17,18,The Sunflower Bakery & Cafe,"512 14th Street, Galveston","{'lat': 29.30704979999999, 'lng': -94.78297940000002}","The Sunflower Bakery & Cafe512 14th Street, Galveston","Yamato2104 61st Street, Galveston",86
18,19,Saltwater Grill,"2017 Postoffice Street, Galveston","{'lat': 29.3050765, 'lng': -94.79064299999999}","Saltwater Grill2017 Postoffice Street, Galveston","Moody Gardens Hotel, Spa and Convention Center7 Hope Boulevard, Galveston",86
19,20,Salsas,"4604 Seawall Boulevard, Galveston","{'lat': 29.27554600000001, 'lng': -94.81181699999999}","Salsas4604 Seawall Boulevard, Galveston","Moody Gardens Hotel, Spa and Convention Center7 Hope Boulevard, Galveston",86
20,21,Tongs Happy Buddha,"2827 61st Street, Galveston","{'lat': 29.2679191, 'lng': -94.8276992}","Tongs Happy Buddha2827 61st Street, Galveston","Moody Gardens Hotel, Spa and Convention Center7 Hope Boulevard, Galveston",86
21,22,Rudy & Paco Restaurant and Bar,"2028 Postoffice St, Galveston","{'lat': 29.3053363, 'lng': -94.79108099999999}","Rudy & Paco Restaurant and Bar2028 Postoffice St, Galveston","Shrimp N Stuff3901 Avenue O, Galveston",86
22,23,Yaga's Cafe,"2314 The Strand, Galveston","{'lat': 29.3071481, 'lng': -94.79495179999999}","Yaga's Cafe2314 The Strand, Galveston","Moody Gardens Hotel, Spa and Convention Center7 Hope Boulevard, Galveston",86
23,25,The Original Mexican Cafe,"1401 Market Street, Galveston","{'lat': 29.3079298, 'lng': -94.78360769999999}","The Original Mexican Cafe1401 Market Street, Galveston","Yamato2104 61st Street, Galveston",86
24,26,Yamato,"2104 61st Street, Galveston","{'lat': 29.2780918, 'lng': -94.8316258}","Yamato2104 61st Street, Galveston","Moody Gardens Hotel, Spa and Convention Center7 Hope Boulevard, Galveston",86
25,27,Starbucks,"2808 61st Street, Galveston","{'lat': 29.2708403, 'lng': -94.8279127}","Starbucks2808 61st Street, Galveston","Moody Gardens Hotel, Spa and Convention Center7 Hope Boulevard, Galveston",86
26,28,Fish Tales,"2502 Seawall Boulevard, Galveston","{'lat': 29.2882774, 'lng': -94.79085909999999}","Fish Tales2502 Seawall Boulevard, Galveston","Moody Gardens Hotel, Spa and Convention Center7 Hope Boulevard, Galveston",86
27,29,Galveston's 61st Street Fishing Pier,"6101 Seawall Boulevard, Galveston","{'lat': 29.2649235, 'lng': -94.8252081}","Galveston's 61st Street Fishing Pier6101 Seawall Boulevard, Galveston","The Spot3204 Seawall Boulevard, Galveston",86
28,30,IHOP,"5224 Seawall Boulevard, Galveston","{'lat': 29.2711176, 'lng': -94.8192996}","IHOP5224 Seawall Boulevard, Galveston","Drip3204 Seawall Boulevard, Galveston",89
29,31,Saltgrass Steak House,"1502 Seawall Boulevard, Galveston","{'lat': 29.296032, 'lng': -94.7808646}","Saltgrass Steak House1502 Seawall Boulevard, Galveston","Yamato2104 61st Street, Galveston",86
30,32,Tortuga Mexican Kitchen,"4910 Seawall Boulevard, Galveston","{'lat': 29.2736117, 'lng': -94.81558590000002}","Tortuga Mexican Kitchen4910 Seawall Boulevard, Galveston","Yaga's Cafe2314 The Strand, Galveston",86
31,34,Starbucks,"102 Kempner Street, Galveston","{'lat': 29.308265, 'lng': -94.793302}","Starbucks102 Kempner Street, Galveston","Moody Gardens Hotel, Spa and Convention Center7 Hope Boulevard, Galveston",86
32,36,Russo's New York Pizzeria & Italian Kitchen - Galveston,"500 Seawall Boulevard #300, Galveston","{'lat': 29.3070053, 'lng': -94.7717454}","Russo's New York Pizzeria & Italian Kitchen - Galveston500 Seawall Boulevard #300, Galveston","Rainforest Cafe5310 Seawall Boulevard, Galveston",86
33,37,Subway,"Om, 2521 Broadway Avenue J, Galveston","{'lat': 29.2988534, 'lng': -94.7948808}","SubwayOm, 2521 Broadway Avenue J, Galveston","Moody Gardens Hotel, Spa and Convention Center7 Hope Boulevard, Galveston",86
34,38,Subway,"2302-A 61st Street, Galveston","{'lat': 29.2764403, 'lng': -94.8310272}","Subway2302-A 61st Street, Galveston","Moody Gardens Hotel, Spa and Convention Center7 Hope Boulevard, Galveston",86
35,39,Subway,"500 Seawall Boulevard Suite 400, Galveston","{'lat': 29.3063837, 'lng': -94.7718834}","Subway500 Seawall Boulevard Suite 400, Galveston","Moody Gardens Hotel, Spa and Convention Center7 Hope Boulevard, Galveston",86
36,42,Shykatz,"1528 Avenue L, Galveston","{'lat': 29.3005619, 'lng': -94.78322530000001}","Shykatz1528 Avenue L, Galveston","Moody Gardens Hotel, Spa and Convention Center7 Hope Boulevard, Galveston",86
37,43,Taco Bell,"5701 Broadway Avenue J, Galveston","{'lat': 29.289309, 'lng': -94.8312941}","Taco Bell5701 Broadway Avenue J, Galveston","Moody Gardens Hotel, Spa and Convention Center7 Hope Boulevard, Galveston",86
38,45,Mario's Ristorante,"2202 61st Street, Galveston","{'lat': 29.27739529999999, 'lng': -94.83105309999999}","Mario's Ristorante2202 61st Street, Galveston","Moody Gardens Hotel, Spa and Convention Center7 Hope Boulevard, Galveston",86
39,48,Leo's Cajun Corner,"3201 Broadway Avenue J, Galveston","{'lat': 29.2968963, 'lng': -94.80271850000001}","Leo's Cajun Corner3201 Broadway Avenue J, Galveston","Yamato2104 61st Street, Galveston",86
40,50,Miller's Seawall Grill,"1824 Seawall Boulevard, Galveston","{'lat': 29.293238, 'lng': -94.7844559}","Miller's Seawall Grill1824 Seawall Boulevard, Galveston","Yamato2104 61st Street, Galveston",86
41,52,Nopalera,"5001 Broadway Avenue J, Galveston","{'lat': 29.29166979999999, 'lng': -94.8230533}","Nopalera5001 Broadway Avenue J, Galveston","Moody Gardens Hotel, Spa and Convention Center7 Hope Boulevard, Galveston",86
42,53,La Michoacana Meat Market,"3301 Broadway Avenue J, Galveston","{'lat': 29.2965863, 'lng': -94.8035795}","La Michoacana Meat Market3301 Broadway Avenue J, Galveston","Shrimp N Stuff3901 Avenue O, Galveston",86
43,55,Subway,"5902 A Broadway, Galveston","{'lat': 29.3064258, 'lng': -94.7718443}","Subway5902 A Broadway, Galveston","Moody Gardens Hotel, Spa and Convention Center7 Hope Boulevard, Galveston",86
44,56,Sonny's Place,"1206 19th Street, Galveston","{'lat': 29.2992722, 'lng': -94.7865791}","Sonny's Place1206 19th Street, Galveston","Moody Gardens Hotel, Spa and Convention Center7 Hope Boulevard, Galveston",86
45,57,Brick House Tavern + Tap,"3502A Seawall Boulevard, Galveston","{'lat': 29.2817539, 'lng': -94.8011578}","Brick House Tavern + Tap3502A Seawall Boulevard, Galveston","Shrimp N Stuff3901 Avenue O, Galveston",86
46,58,Mario's Pizza,"13708 Termini-San Luis Pass Road, Galveston","{'lat': 29.2084, 'lng': -94.937844}","Mario's Pizza13708 Termini-San Luis Pass Road, Galveston","Mario's Pizza13708 Termini-san Luis Pass Rd Galveston, TX 77554",90
47,59,Shearn's Seafood and Prime Steaks,"7 Hope Boulevard, Galveston","{'lat': 29.273078, 'lng': -94.850647}","Shearn's Seafood and Prime Steaks7 Hope Boulevard, Galveston","Shearn's Seafood and Prime Steaks7 Hope Blvd Galveston, TX 77554",87
53,65,McDonald's,"2912 61st Street, Galveston","{'lat': 29.26748, 'lng': -94.8264011}","McDonald's2912 61st Street, Galveston","Moody Gardens Hotel, Spa and Convention Center7 Hope Boulevard, Galveston",86
54,66,Circle K,"1927 61st Street, Galveston","{'lat': 29.279037, 'lng': -94.8332434}","Circle K1927 61st Street, Galveston","Moody Gardens Hotel, Spa and Convention Center7 Hope Boulevard, Galveston",86
55,67,The Proletariat Gallery & Public House,"2221 Market Street #100, Galveston","{'lat': 29.3053353, 'lng': -94.7935713}","The Proletariat Gallery & Public House2221 Market Street #100, Galveston","Rainforest Cafe5310 Seawall Boulevard, Galveston",86
56,68,Starbucks,"The University of Texas Medical Branch at, 301 University Boulevard, Galveston","{'lat': 29.3108034, 'lng': -94.7770571}","StarbucksThe University of Texas Medical Branch at, 301 University Boulevard, Galveston","Rainforest Cafe5310 Seawall Boulevard, Galveston",86
57,72,Gypsy Joynt,"6105 Stewart Road, Galveston","{'lat': 29.2740718, 'lng': -94.8315993}","Gypsy Joynt6105 Stewart Road, Galveston","Gypsy Joynt6105 Stewart Rd Galveston, TX 77551",88
58,74,MOD Coffeehouse,"2126 Postoffice St, Galveston","{'lat': 29.305025, 'lng': -94.7921056}","MOD Coffeehouse2126 Postoffice St, Galveston","Moody Gardens Hotel, Spa and Convention Center7 Hope Boulevard, Galveston",86
59,76,McDonald's,"517 Seawall Boulevard, Galveston","{'lat': 29.30509, 'lng': -94.7715399}","McDonald's517 Seawall Boulevard, Galveston","Moody Gardens Hotel, Spa and Convention Center7 Hope Boulevard, Galveston",86
60,77,Starbucks,"2931 Central City Boulevard, Galveston","{'lat': 29.2695972, 'lng': -94.8300421}","Starbucks2931 Central City Boulevard, Galveston","Moody Gardens Hotel, Spa and Convention Center7 Hope Boulevard, Galveston",86
61,78,Shipley Do-Nuts (Galveston),"5401 Broadway Avenue J, Galveston","{'lat': 29.2903048, 'lng': -94.8276061}","Shipley Do-Nuts (Galveston)5401 Broadway Avenue J, Galveston","Shrimp N Stuff3901 Avenue O, Galveston",86
62,79,Starbucks,"5730 Seawall Boulevard, Galveston","{'lat': 29.269011, 'lng': -94.824136}","Starbucks5730 Seawall Boulevard, Galveston","Moody Gardens Hotel, Spa and Convention Center7 Hope Boulevard, Galveston",86
64,84,Dawn Donuts Stewart Rd,"6304 Stewart Road, Galveston","{'lat': 29.2748506, 'lng': -94.8334139}","Dawn Donuts Stewart Rd6304 Stewart Road, Galveston","Yamato2104 61st Street, Galveston",86
65,85,Seawall Coffee Company,"3802 Cove View Boulevard Suite R, Galveston","{'lat': 29.244604, 'lng': -94.867899}","Seawall Coffee Company3802 Cove View Boulevard Suite R, Galveston","The Spot3204 Seawall Boulevard, Galveston",86
66,86,Sugar Bean,"11 Evia Main, Galveston","{'lat': 29.2610286, 'lng': -94.8704183}","Sugar Bean11 Evia Main, Galveston","Moody Gardens Hotel, Spa and Convention Center7 Hope Boulevard, Galveston",86
67,87,Starbucks,"Moody Avenue, Galveston","{'lat': 29.2727673, 'lng': -94.8508679}","StarbucksMoody Avenue, Galveston","Moody Gardens Hotel, Spa and Convention Center7 Hope Boulevard, Galveston",86
68,88,Horizon Espresso,"6101 Seawall Boulevard Suite 3, Galveston","{'lat': 29.2649278, 'lng': -94.8252111}","Horizon Espresso6101 Seawall Boulevard Suite 3, Galveston","Shrimp N Stuff3901 Avenue O, Galveston",86
69,89,"Island Spot hookah Bar , Food & smoke shop (Halal)","1017 61st Street, Galveston","{'lat': 29.28729819999999, 'lng': -94.83770000000001}","Island Spot hookah Bar , Food & smoke shop (Halal)1017 61st Street, Galveston","Rainforest Cafe5310 Seawall Boulevard, Galveston",86
70,90,Teaside Tapioca,"4702 Seawall Boulevard, Galveston","{'lat': 29.2744676, 'lng': -94.8131678}","Teaside Tapioca4702 Seawall Boulevard, Galveston","Moody Gardens Hotel, Spa and Convention Center7 Hope Boulevard, Galveston",86
71,91,McDonald's,"5223 Broadway Avenue J, Galveston","{'lat': 29.2909177, 'lng': -94.8257895}","McDonald's5223 Broadway Avenue J, Galveston","Moody Gardens Hotel, Spa and Convention Center7 Hope Boulevard, Galveston",86
72,92,CBD American Shaman Galveston,"4619 Fort Crockett Boulevard suite b, Galveston","{'lat': 29.276113, 'lng': -94.8134661}","CBD American Shaman Galveston4619 Fort Crockett Boulevard suite b, Galveston","Rainforest Cafe5310 Seawall Boulevard, Galveston",86
73,93,Willow Coffee,"820 51st Street, Galveston","{'lat': 29.2931488, 'lng': -94.8240208}","Willow Coffee820 51st Street, Galveston","Moody Gardens Hotel, Spa and Convention Center7 Hope Boulevard, Galveston",86
74,96,Balance Bean Coffee and Business Bar,"3225 Avenue L, Galveston","{'lat': 29.29511029999999, 'lng': -94.8025656}","Balance Bean Coffee and Business Bar3225 Avenue L, Galveston","Shrimp N Stuff3901 Avenue O, Galveston",86
75,97,Red Light Coffee Roasters,"2728 Market Street, Galveston","{'lat': 29.3040468, 'lng': -94.7995497}","Red Light Coffee Roasters2728 Market Street, Galveston","Yamato2104 61st Street, Galveston",86
76,98,Freckleberry Teahouse,"2724 Market Street, Galveston","{'lat': 29.3041968, 'lng': -94.79937}","Freckleberry Teahouse2724 Market Street, Galveston","Yamato2104 61st Street, Galveston",86
77,99,Toujouse,"2300 Ship Mechanic Row Street, Galveston","{'lat': 29.3062632, 'lng': -94.79483119999999}","Toujouse2300 Ship Mechanic Row Street, Galveston","Moody Gardens Hotel, Spa and Convention Center7 Hope Boulevard, Galveston",86
78,100,Hey Mikey's Ice Cream,"2120 Postoffice St, Galveston","{'lat': 29.3051204, 'lng': -94.79194}","Hey Mikey's Ice Cream2120 Postoffice St, Galveston","Yamato2104 61st Street, Galveston",86
79,101,Go Nuts and Beans,"102 20th Street ste c, Galveston","{'lat': 29.3087399, 'lng': -94.79104029999999}","Go Nuts and Beans102 20th Street ste c, Galveston","Russo's New York Pizzeria & Italian Kitchen - Galveston500 Seawall Boulevard #300, Galveston",86
80,102,Power Meater 500,"1904 Wharf Road, Galveston","{'lat': 29.31049789999999, 'lng': -94.78996389999999}","Power Meater 5001904 Wharf Road, Galveston","Moody Gardens Hotel, Spa and Convention Center7 Hope Boulevard, Galveston",86
81,103,PJ’s coffee,"712 Texas Avenue, Galveston","{'lat': 29.3114867, 'lng': -94.77805839999999}","PJ’s coffee712 Texas Avenue, Galveston","Moody Gardens Hotel, Spa and Convention Center7 Hope Boulevard, Galveston",86
164,226,Moody Gardens,"1 Hope Boulevard, Galveston","{'lat': 29.272762, 'lng': -94.8525073}","Moody Gardens1 Hope Boulevard, Galveston","Moody Gardens 3D Theater1 Hope Boulevard, Galveston",88
165,227,Galveston Island Historic Pleasure Pier,"2501 Seawall Boulevard, Galveston","{'lat': 29.28752919999999, 'lng': -94.7902046}","Galveston Island Historic Pleasure Pier2501 Seawall Boulevard, Galveston","Rainforest Cafe5310 Seawall Boulevard, Galveston",86
166,228,Palm Beach At Moody Gardens,"8928, 1 Hope Boulevard, Galveston","{'lat': 29.275732, 'lng': -94.850972}","Palm Beach At Moody Gardens8928, 1 Hope Boulevard, Galveston","Shrimp N Stuff3901 Avenue O, Galveston",86
167,229,Schlitterbahn Waterpark Galveston,"2109 Gene Lucas Blvd, Galveston","{'lat': 29.2703671, 'lng': -94.85173689999999}","Schlitterbahn Waterpark Galveston2109 Gene Lucas Blvd, Galveston","The Spot3204 Seawall Boulevard, Galveston",86
168,230,Rainforest Pyramid,"1 Hope Boulevard, Galveston","{'lat': 29.27549299999999, 'lng': -94.852722}","Rainforest Pyramid1 Hope Boulevard, Galveston","Moody Gardens Hotel, Spa and Convention Center7 Hope Boulevard, Galveston",86
169,231,Walmart Supercenter,"6702 Seawall Boulevard, Galveston","{'lat': 29.2651472, 'lng': -94.8329455}","Walmart Supercenter6702 Seawall Boulevard, Galveston","Walmart Bakery6702 Seawall Boulevard, Galveston",87
173,236,Orange Leaf Frozen Yogurt,"6606 Seawall Boulevard, Galveston","{'lat': 29.2638014, 'lng': -94.8319863}","Orange Leaf Frozen Yogurt6606 Seawall Boulevard, Galveston","Orange Leaf Frozen Yogurt6606 Seawall Blvd Galveston, TX 77551",87
174,237,Cinnabon,"2705 61st Street Suite H, Galveston","{'lat': 29.2719138, 'lng': -94.8297408}","Cinnabon2705 61st Street Suite H, Galveston","Moody Gardens Hotel, Spa and Convention Center7 Hope Boulevard, Galveston",86
175,238,Kroger Bakery,Galveston,"{'lat': 29.2690175, 'lng': -94.8237856}",Kroger BakeryGalveston,"Starbucks5730 Seawall Blvd Kroger Galveston, TX 77551",86
176,239,Chef Mary Bass,"1508 39th Street, Galveston","{'lat': 29.29061189999999, 'lng': -94.808531}","Chef Mary Bass1508 39th Street, Galveston","Moody Gardens Hotel, Spa and Convention Center7 Hope Boulevard, Galveston",86
177,240,Cinnabon,"500 Seawall Boulevard, Galveston","{'lat': 29.30644910000001, 'lng': -94.7718225}","Cinnabon500 Seawall Boulevard, Galveston","Moody Gardens Hotel, Spa and Convention Center7 Hope Boulevard, Galveston",86
178,241,Texas Star Bakery,"5425 Broadway Avenue J, Galveston","{'lat': 29.2903218, 'lng': -94.82835329999999}","Texas Star Bakery5425 Broadway Avenue J, Galveston","Yamato2104 61st Street, Galveston",86
179,245,Donut Palace,"2117 Broadway Avenue J, Galveston","{'lat': 29.3002844, 'lng': -94.7903171}","Donut Palace2117 Broadway Avenue J, Galveston","Moody Gardens Hotel, Spa and Convention Center7 Hope Boulevard, Galveston",86
181,248,PattyCakes Bakery,"704 14th Street, Galveston","{'lat': 29.3054245, 'lng': -94.78242000000002}","PattyCakes Bakery704 14th Street, Galveston","Moody Gardens Hotel, Spa and Convention Center7 Hope Boulevard, Galveston",86
182,249,Ben & Jerry’s,"4408 Seawall Boulevard, Galveston","{'lat': 29.276318, 'lng': -94.8098002}","Ben & Jerry’s4408 Seawall Boulevard, Galveston","Moody Gardens Hotel, Spa and Convention Center7 Hope Boulevard, Galveston",86
184,252,Tasty Galvy Treats,"6224 Central City Boulevard, Galveston","{'lat': 29.2613148, 'lng': -94.8407933}","Tasty Galvy Treats6224 Central City Boulevard, Galveston","Yaga's Cafe2314 The Strand, Galveston",86
185,253,Royal Creations By Meca,"2110 Ann Marie Lane, Galveston","{'lat': 29.2731481, 'lng': -94.843651}","Royal Creations By Meca2110 Ann Marie Lane, Galveston","Yamato2104 61st Street, Galveston",86
186,254,Home Cut Donuts,"6807 Stewart Road, Galveston","{'lat': 29.2716408, 'lng': -94.83804599999999}","Home Cut Donuts6807 Stewart Road, Galveston","Moody Gardens Hotel, Spa and Convention Center7 Hope Boulevard, Galveston",86
187,255,Walmart Bakery,"6702 Seawall Boulevard, Galveston","{'lat': 29.2651472, 'lng': -94.8329455}","Walmart Bakery6702 Seawall Boulevard, Galveston","Walmart Supercenter6702 Seawall Boulevard, Galveston",87
188,256,Lovejewel Treasure Treats,"6341 Stewart Road #120, Galveston","{'lat': 29.273798, 'lng': -94.8347187}","Lovejewel Treasure Treats6341 Stewart Road #120, Galveston","Shrimp N Stuff3901 Avenue O, Galveston",86
189,257,"Incredible Cakes Bakery, LLC","4528 Avenue S Up, Galveston","{'lat': 29.2802637, 'lng': -94.8137617}","Incredible Cakes Bakery, LLC4528 Avenue S Up, Galveston","Yamato2104 61st Street, Galveston",86
190,258,Bakery and Grocery Emmanuel,"2216 45th Street, Galveston","{'lat': 29.2824311, 'lng': -94.8133411}","Bakery and Grocery Emmanuel2216 45th Street, Galveston","Yamato2104 61st Street, Galveston",86
191,260,Good Dough,"1508 39th Street, Galveston","{'lat': 29.29061189999999, 'lng': -94.808531}","Good Dough1508 39th Street, Galveston","Moody Gardens Hotel, Spa and Convention Center7 Hope Boulevard, Galveston",86
192,261,Navarro Bakery,"3801 Broadway Avenue J, Galveston","{'lat': 29.2951814, 'lng': -94.8093306}","Navarro Bakery3801 Broadway Avenue J, Galveston","Moody Gardens Hotel, Spa and Convention Center7 Hope Boulevard, Galveston",86
193,262,Kelin,"3428 Avenue H, Galveston","{'lat': 29.2984813, 'lng': -94.8062745}","Kelin3428 Avenue H, Galveston","Moody Gardens Hotel, Spa and Convention Center7 Hope Boulevard, Galveston",86
194,263,Bakery and Grocery Emmanuel,"2216 Avenue R, Galveston","{'lat': 29.2871565, 'lng': -94.7939281}","Bakery and Grocery Emmanuel2216 Avenue R, Galveston","Yamato2104 61st Street, Galveston",86
195,264,Snow Flake Donuts,"3011 Broadway Avenue J, Galveston","{'lat': 29.2974861, 'lng': -94.8004139}","Snow Flake Donuts3011 Broadway Avenue J, Galveston","Yamato2104 61st Street, Galveston",86
196,265,Galveston Bagel Company,"1110 23rd Street, Galveston","{'lat': 29.2989118, 'lng': -94.7913851}","Galveston Bagel Company1110 23rd Street, Galveston","Yamato2104 61st Street, Galveston",86
197,267,Dawn Donuts Galveston,"706 Holiday Drive, Galveston","{'lat': 29.3083743, 'lng': -94.7708081}","Dawn Donuts Galveston706 Holiday Drive, Galveston","Russo's New York Pizzeria & Italian Kitchen - Galveston500 Seawall Boulevard #300, Galveston",86
201,293,"The San Luis Resort, Spa and Conference Center","5222 Seawall Boulevard, Galveston","{'lat': 29.2725405, 'lng': -94.8182391}","The San Luis Resort, Spa and Conference Center5222 Seawall Boulevard, Galveston","Rainforest Cafe5310 Seawall Boulevard, Galveston",86
205,297,Old Quarter Acoustic Cafe,"413 20th Street, Galveston","{'lat': 29.3057816, 'lng': -94.79031529999999}","Old Quarter Acoustic Cafe413 20th Street, Galveston","Yamato2104 61st Street, Galveston",86
206,298,The Cove,"5222 Seawall Boulevard, Galveston","{'lat': 29.2725491, 'lng': -94.8183102}","The Cove5222 Seawall Boulevard, Galveston","IHOP5224 Seawall Boulevard, Galveston",87
209,303,Tin Cup's Caddy Shack,"9020 Stewart Road, Galveston","{'lat': 29.2539288, 'lng': -94.85563169999999}","Tin Cup's Caddy Shack9020 Stewart Road, Galveston","Tin Cup's Caddyshack9020 Stewart Rd Galveston, TX 77554",87
210,304,Galveston Island Brewing,"8423 Stewart Road, Galveston","{'lat': 29.2556348, 'lng': -94.8491631}","Galveston Island Brewing8423 Stewart Road, Galveston","Yamato2104 61st Street, Galveston",86
211,305,Hooters,"6028 Heards Lane, Galveston","{'lat': 29.2797189, 'lng': -94.8324592}","Hooters6028 Heards Lane, Galveston","Hooters6028 Heards Ln Galveston, TX 77551",87
212,306,B. Jiggers Lounge,"5002 Seawall Boulevard, Galveston","{'lat': 29.27250129999999, 'lng': -94.81666829999999}","B. Jiggers Lounge5002 Seawall Boulevard, Galveston","Yamato2104 61st Street, Galveston",86
213,307,Woody's,"2926 Seawall Boulevard, Galveston","{'lat': 29.2852691, 'lng': -94.79550499999999}","Woody's2926 Seawall Boulevard, Galveston","Moody Gardens Hotel, Spa and Convention Center7 Hope Boulevard, Galveston",86
214,308,Gizmo Bar,"2102 26th Street, Galveston","{'lat': 29.289397, 'lng': -94.79200399999999}","Gizmo Bar2102 26th Street, Galveston","Moody Gardens Hotel, Spa and Convention Center7 Hope Boulevard, Galveston",86
215,309,Daiquiri Time Out,"2701 Market Street, Galveston","{'lat': 29.3040013, 'lng': -94.7986237}","Daiquiri Time Out2701 Market Street, Galveston","Moody Gardens Hotel, Spa and Convention Center7 Hope Boulevard, Galveston",86
216,310,Carlos Cabeza Cigar Shop,"318 27th Street, Galveston","{'lat': 29.3044979, 'lng': -94.7984292}","Carlos Cabeza Cigar Shop318 27th Street, Galveston","Yamato2104 61st Street, Galveston",86
217,311,23rd Street Station Piano Bar,"1706 23rd Street, Galveston","{'lat': 29.29370280000001, 'lng': -94.7894671}","23rd Street Station Piano Bar1706 23rd Street, Galveston","Yaga's Cafe2314 The Strand, Galveston",86
218,312,Galvez Bar & Grill,"2024 Seawall Boulevard, Galveston","{'lat': 29.2928214, 'lng': -94.7863059}","Galvez Bar & Grill2024 Seawall Boulevard, Galveston","Yamato2104 61st Street, Galveston",86
219,313,Sound Bar,"2411 Mechanic Street, Galveston","{'lat': 29.3056645, 'lng': -94.7955784}","Sound Bar2411 Mechanic Street, Galveston","Moody Gardens Hotel, Spa and Convention Center7 Hope Boulevard, Galveston",86
221,315,Albatross,"815 21st Street, Galveston","{'lat': 29.3019922, 'lng': -94.79035309999999}","Albatross815 21st Street, Galveston","Moody Gardens Hotel, Spa and Convention Center7 Hope Boulevard, Galveston",86
222,316,Stuttgarden Tavern,"111 23rd Street, Galveston","{'lat': 29.3077483, 'lng': -94.7947919}","Stuttgarden Tavern111 23rd Street, Galveston","Moody Gardens Hotel, Spa and Convention Center7 Hope Boulevard, Galveston",86
223,317,Murphy's Pub,"213-215 22nd Street, Galveston","{'lat': 29.3067907, 'lng': -94.7932415}","Murphy's Pub213-215 22nd Street, Galveston","Moody Gardens Hotel, Spa and Convention Center7 Hope Boulevard, Galveston",86
224,318,Hubcap Grill,"2021 The Strand #3, Galveston","{'lat': 29.3076238, 'lng': -94.791623}","Hubcap Grill2021 The Strand #3, Galveston","Moody Gardens Hotel, Spa and Convention Center7 Hope Boulevard, Galveston",86
225,319,Drunken Monkeyz,"202 20th Street, Galveston","{'lat': 29.30795939999999, 'lng': -94.790723}","Drunken Monkeyz202 20th Street, Galveston","Moody Gardens Hotel, Spa and Convention Center7 Hope Boulevard, Galveston",86
226,320,Peanut Butter Warehouse,"100 20th Street, Galveston","{'lat': 29.3087443, 'lng': -94.7908921}","Peanut Butter Warehouse100 20th Street, Galveston","Russo's New York Pizzeria & Italian Kitchen - Galveston500 Seawall Boulevard #300, Galveston",86
227,321,Huli Huli Hut,"312 19th Street, Galveston","{'lat': 29.3071699, 'lng': -94.78923549999999}","Huli Huli Hut312 19th Street, Galveston","Moody Gardens Hotel, Spa and Convention Center7 Hope Boulevard, Galveston",86
228,323,Gloria's Lounge,"4126 Avenue S, Galveston","{'lat': 29.2814789, 'lng': -94.80905299999999}","Gloria's Lounge4126 Avenue S, Galveston","Moody Gardens Hotel, Spa and Convention Center7 Hope Boulevard, Galveston",86
229,325,Woody's Bar,"11149 Termini-San Luis Pass Road, Galveston","{'lat': 29.23954989999999, 'lng': -94.8779656}","Woody's Bar11149 Termini-San Luis Pass Road, Galveston","Woody's Bar11149 Termini-San Luis Pass Rd Galveston, TX 77554",90
230,326,Waterman's Restaurant,"14302 Stewart Road, Galveston","{'lat': 29.20747099999999, 'lng': -94.949303}","Waterman's Restaurant14302 Stewart Road, Galveston","Waterman's Restaurant14302 Stewart Rd Galveston, TX 77554",90
231,327,Float Pool & Patio Bar,"2828 Seawall Boulevard, Galveston","{'lat': 29.2859177, 'lng': -94.7944124}","Float Pool & Patio Bar2828 Seawall Boulevard, Galveston","Yamato2104 61st Street, Galveston",86
232,328,Chili's Grill & Bar,"500 Seawall Boulevard Ste 100, Galveston","{'lat': 29.30602, 'lng': -94.77216399999999}","Chili's Grill & Bar500 Seawall Boulevard Ste 100, Galveston","Shrimp N Stuff3901 Avenue O, Galveston",86
233,330,The West End Marina and Restaurants,"21706 Burnet Drive, Galveston","{'lat': 29.14499999999999, 'lng': -95.04703669999999}","The West End Marina and Restaurants21706 Burnet Drive, Galveston","The Spot3204 Seawall Boulevard, Galveston",86
234,331,Brews Brothers,"2404 The Strand, Galveston","{'lat': 29.3069004, 'lng': -94.7958692}","Brews Brothers2404 The Strand, Galveston","Moody Gardens Hotel, Spa and Convention Center7 Hope Boulevard, Galveston",86
235,333,Drip,"3204 Seawall Boulevard, Galveston","{'lat': 29.28366229999999, 'lng': -94.7981973}","Drip3204 Seawall Boulevard, Galveston","IHOP5224 Seawall Boulevard, Galveston",89
236,335,Buckshot Saloon,"2409 Market Street, Galveston","{'lat': 29.3047222, 'lng': -94.7952778}","Buckshot Saloon2409 Market Street, Galveston","Moody Gardens Hotel, Spa and Convention Center7 Hope Boulevard, Galveston",86
237,336,Robert's Lafitte,"2501 Avenue Q, Galveston","{'lat': 29.2896039, 'lng': -94.7911531}","Robert's Lafitte2501 Avenue Q, Galveston","Moody Gardens Hotel, Spa and Convention Center7 Hope Boulevard, Galveston",86
238,337,Beerfoot Beach Bar,"2816 Avenue R 1/2, Galveston","{'lat': 29.2863254, 'lng': -94.7942047}","Beerfoot Beach Bar2816 Avenue R 1/2, Galveston","Moody Gardens Hotel, Spa and Convention Center7 Hope Boulevard, Galveston",86
239,338,Press Box,"2401 Postoffice Street, Galveston","{'lat': 29.3040367, 'lng': -94.7948097}","Press Box2401 Postoffice Street, Galveston","Moody Gardens Hotel, Spa and Convention Center7 Hope Boulevard, Galveston",86
240,339,Lucky Lounge,"904 Avenue M, Galveston","{'lat': 29.30163689999999, 'lng': -94.7754461}","Lucky Lounge904 Avenue M, Galveston","Moody Gardens Hotel, Spa and Convention Center7 Hope Boulevard, Galveston",86
241,340,Tsunami Tequila Emporium,"2314 The Strand, Galveston","{'lat': 29.30720519999999, 'lng': -94.7951202}","Tsunami Tequila Emporium2314 The Strand, Galveston","Yamato2104 61st Street, Galveston",86
242,342,Island Pier Club,"1702 Avenue O, Galveston","{'lat': 29.29581310000001, 'lng': -94.78322290000001}","Island Pier Club1702 Avenue O, Galveston","Moody Gardens Hotel, Spa and Convention Center7 Hope Boulevard, Galveston",86
244,346,Dizzy Dorado,"3802 Cove View Boulevard, Galveston","{'lat': 29.2446661, 'lng': -94.8676095}","Dizzy Dorado3802 Cove View Boulevard, Galveston","Moody Gardens Hotel, Spa and Convention Center7 Hope Boulevard, Galveston",86
245,347,Roll-N-Bar,"8305 Stewart Road, Galveston","{'lat': 29.2564331, 'lng': -94.84814569999999}","Roll-N-Bar8305 Stewart Road, Galveston","Moody Gardens Hotel, Spa and Convention Center7 Hope Boulevard, Galveston",86
246,348,Wasserfest,"2109 Lockheed Road, Galveston","{'lat': 29.2706189, 'lng': -94.85257}","Wasserfest2109 Lockheed Road, Galveston","Moody Gardens Hotel, Spa and Convention Center7 Hope Boulevard, Galveston",86
247,349,Boardroom bar,"63rd Rear Street, Galveston","{'lat': 29.2667624, 'lng': -94.8303846}","Boardroom bar63rd Rear Street, Galveston","Moody Gardens Hotel, Spa and Convention Center7 Hope Boulevard, Galveston",86
248,350,Pelican and the Shark,"6101 Seawall Boulevard Suite 2, Galveston","{'lat': 29.2649278, 'lng': -94.8252111}","Pelican and the Shark6101 Seawall Boulevard Suite 2, Galveston","The Spot3204 Seawall Boulevard, Galveston",86
252,355,Pizza Hut,"4908C Seawall Boulevard, Galveston","{'lat': 29.273596, 'lng': -94.81559089999999}","Pizza Hut4908C Seawall Boulevard, Galveston","Moody Gardens Hotel, Spa and Convention Center7 Hope Boulevard, Galveston",86
253,356,Jack in the Box,"5028 Broadway Avenue J, Galveston","{'lat': 29.2920741, 'lng': -94.8237678}","Jack in the Box5028 Broadway Avenue J, Galveston","Moody Gardens Hotel, Spa and Convention Center7 Hope Boulevard, Galveston",86
254,357,Domino's Pizza,"2108 Broadway Avenue J, Galveston","{'lat': 29.30086929999999, 'lng': -94.7899961}","Domino's Pizza2108 Broadway Avenue J, Galveston","Moody Gardens Hotel, Spa and Convention Center7 Hope Boulevard, Galveston",86
255,358,Jimmy John's,"102-B Kempner Street, Galveston","{'lat': 29.3082998, 'lng': -94.79313069999999}","Jimmy John's102-B Kempner Street, Galveston","Moody Gardens Hotel, Spa and Convention Center7 Hope Boulevard, Galveston",86
256,360,Domino's Pizza,"2705 61st Street Ste E, Galveston","{'lat': 29.2718422, 'lng': -94.8297626}","Domino's Pizza2705 61st Street Ste E, Galveston","Domino's Pizza2705 61st St Ste E Galveston, TX 77551",87
257,365,Jack in the Box,"2300 61st Street, Galveston","{'lat': 29.27607, 'lng': -94.83180779999999}","Jack in the Box2300 61st Street, Galveston","Moody Gardens Hotel, Spa and Convention Center7 Hope Boulevard, Galveston",86
258,366,Little Caesars Pizza,"2806 61st Street, Galveston","{'lat': 29.2711207, 'lng': -94.8282943}","Little Caesars Pizza2806 61st Street, Galveston","Moody Gardens Hotel, Spa and Convention Center7 Hope Boulevard, Galveston",86
259,367,Jack in the Box,"920 Seawall Boulevard, Galveston","{'lat': 29.3010669, 'lng': -94.7758676}","Jack in the Box920 Seawall Boulevard, Galveston","Moody Gardens Hotel, Spa and Convention Center7 Hope Boulevard, Galveston",86
260,369,Easy2GoMeals.com,"4417 Avenue S Suite A, Galveston","{'lat': 29.2802923, 'lng': -94.81218969999999}","Easy2GoMeals.com4417 Avenue S Suite A, Galveston","Moody Gardens Hotel, Spa and Convention Center7 Hope Boulevard, Galveston",86
261,371,Sharky's Tavern,"504 25th Street, Galveston","{'lat': 29.3037598, 'lng': -94.79533459999999}","Sharky's Tavern504 25th Street, Galveston","Moody Gardens Hotel, Spa and Convention Center7 Hope Boulevard, Galveston",86
262,372,The Burger Den,"1410 Seawall Boulevard, Galveston","{'lat': 29.2965973, 'lng': -94.7805175}","The Burger Den1410 Seawall Boulevard, Galveston","Moody Gardens Hotel, Spa and Convention Center7 Hope Boulevard, Galveston",86
263,373,It's Just Wings,"500 Seawall Boulevard #100, Galveston","{'lat': 29.30602, 'lng': -94.77216399999999}","It's Just Wings500 Seawall Boulevard #100, Galveston","Yamato2104 61st Street, Galveston",86
273,397,Circle K,"6902 Seawall Boulevard, Galveston","{'lat': 29.2626272, 'lng': -94.8343699}","Circle K6902 Seawall Boulevard, Galveston","Moody Gardens Hotel, Spa and Convention Center7 Hope Boulevard, Galveston",86
279,406,Golden Corral Buffet & Grill,"6200 Seawall Boulevard, Galveston","{'lat': 29.2660613, 'lng': -94.8282526}","Golden Corral Buffet & Grill6200 Seawall Boulevard, Galveston","Shrimp N Stuff3901 Avenue O, Galveston",86
281,411,Whataburger,"528 University Boulevard, Galveston","{'lat': 29.30916890000001, 'lng': -94.77360039999999}","Whataburger528 University Boulevard, Galveston","Moody Gardens Hotel, Spa and Convention Center7 Hope Boulevard, Galveston",86
282,412,Whataburger,"6327 Stewart Road, Galveston","{'lat': 29.2746342, 'lng': -94.8321098}","Whataburger6327 Stewart Road, Galveston","Whataburger6327 Stewart Rd Galveston, TX 77551",88
283,417,Waffle House,"2825 1/2 61st Street, Galveston","{'lat': 29.2682757, 'lng': -94.8276781}","Waffle House2825 1/2 61st Street, Galveston","Moody Gardens Hotel, Spa and Convention Center7 Hope Boulevard, Galveston",86
287,425,Hunt Brother Pizza,"8910 Seawall Boulevard, Galveston","{'lat': 29.2517957, 'lng': -94.8532616}","Hunt Brother Pizza8910 Seawall Boulevard, Galveston","Yamato2104 61st Street, Galveston",86
288,427,Peking Buffet,"6125 Central City Boulevard, Galveston","{'lat': 29.2687959, 'lng': -94.82845050000002}","Peking Buffet6125 Central City Boulevard, Galveston","Yamato2104 61st Street, Galveston",86
290,430,STINGS℠,"2028 The Strand, Galveston","{'lat': 29.3081264, 'lng': -94.79196859999999}","STINGS℠2028 The Strand, Galveston","Moody Gardens Hotel, Spa and Convention Center7 Hope Boulevard, Galveston",86
291,431,Galveston Snack Shack,"1020 Seawall Boulevard, Galveston","{'lat': 29.3001141, 'lng': -94.7765677}","Galveston Snack Shack1020 Seawall Boulevard, Galveston","Yamato2104 61st Street, Galveston",86
293,441,Brew Station,Galveston,"{'lat': 29.28523709999999, 'lng': -94.78957679999999}",Brew StationGalveston,"Royal Creations By Meca2110 Ann Marie Lane, Galveston",65
294,442,Galveston Primetime,"8902 Seawall Boulevard, Galveston","{'lat': 29.2530127, 'lng': -94.8542107}","Galveston Primetime8902 Seawall Boulevard, Galveston","Yamato2104 61st Street, Galveston",86
295,444,Moody Gardens 3D Theater,"1 Hope Boulevard, Galveston","{'lat': 29.2754026, 'lng': -94.8519352}","Moody Gardens 3D Theater1 Hope Boulevard, Galveston","Moody Gardens1 Hope Boulevard, Galveston",88
296,445,Spongebob SubPants Adventure,"1 Hope Boulevard, Galveston","{'lat': 29.2759333, 'lng': -94.8537346}","Spongebob SubPants Adventure1 Hope Boulevard, Galveston","Yamato2104 61st Street, Galveston",86
297,446,Pleasure Pier 5D Theater Ride,"2424 Seawall Boulevard, Galveston","{'lat': 29.28896259999999, 'lng': -94.79001129999999}","Pleasure Pier 5D Theater Ride2424 Seawall Boulevard, Galveston","The Spot3204 Seawall Boulevard, Galveston",86
298,448,Oppe Elementary School,"2915 81st Street, Galveston","{'lat': 29.263423, 'lng': -94.85022839999999}","Oppe Elementary School2915 81st Street, Galveston","Grete Oppe School2915 81st Street, Galveston",87
299,449,Satori Elementary School,"2503 Sealy Avenue, Galveston","{'lat': 29.30017, 'lng': -94.7948246}","Satori Elementary School2503 Sealy Avenue, Galveston","Yamato2104 61st Street, Galveston",86
300,450,Burnet Elementary School,"5501 Avenue S, Galveston","{'lat': 29.276497, 'lng': -94.8240831}","Burnet Elementary School5501 Avenue S, Galveston","Moody Gardens Hotel, Spa and Convention Center7 Hope Boulevard, Galveston",86
301,451,Alamo Elementary School,"5200 Avenue North 1/2, Galveston","{'lat': 29.2864649, 'lng': -94.8235596}","Alamo Elementary School5200 Avenue North 1/2, Galveston","Yamato2104 61st Street, Galveston",86
302,455,Odyssey Academy Galveston,"2412 61st Street, Galveston","{'lat': 29.275633, 'lng': -94.8293726}","Odyssey Academy Galveston2412 61st Street, Galveston","Yamato2104 61st Street, Galveston",86
303,456,Holy Family Catholic School,"2601 Ursuline Street, Galveston","{'lat': 29.294033, 'lng': -94.793756}","Holy Family Catholic School2601 Ursuline Street, Galveston","Shrimp N Stuff3901 Avenue O, Galveston",86
304,457,Ambassadors Preparatory Academy,"5001 Avenue U, Galveston","{'lat': 29.274333, 'lng': -94.818203}","Ambassadors Preparatory Academy5001 Avenue U, Galveston","Yamato2104 61st Street, Galveston",86
305,458,LA Morgan Elementary School,"1410 37th Street, Galveston","{'lat': 29.2920332, 'lng': -94.8059162}","LA Morgan Elementary School1410 37th Street, Galveston","Yamato2104 61st Street, Galveston",86
306,459,Trinity Episcopal School,"720 23rd Street Rear, Galveston","{'lat': 29.30250509999999, 'lng': -94.7921866}","Trinity Episcopal School720 23rd Street Rear, Galveston","Yamato2104 61st Street, Galveston",86
307,460,Parker Elementary School,"6802 Jones Drive, Galveston","{'lat': 29.2734241, 'lng': -94.8390199}","Parker Elementary School6802 Jones Drive, Galveston","Yamato2104 61st Street, Galveston",86
308,461,Rosenberg Elementary School,"721 10th Street, Galveston","{'lat': 29.3060557, 'lng': -94.7785359}","Rosenberg Elementary School721 10th Street, Galveston","Yamato2104 61st Street, Galveston",86
309,468,Walgreens,"2501 61st Street, Galveston","{'lat': 29.274969, 'lng': -94.8313075}","Walgreens2501 61st Street, Galveston","Moody Gardens Hotel, Spa and Convention Center7 Hope Boulevard, Galveston",86
310,471,Walgreens,"308 Seawall Boulevard, Galveston","{'lat': 29.3078975, 'lng': -94.770623}","Walgreens308 Seawall Boulevard, Galveston","Moody Gardens Hotel, Spa and Convention Center7 Hope Boulevard, Galveston",86
311,475,Harborside Food Mart,"8220 Harborside Drive, Galveston","{'lat': 29.2874585, 'lng': -94.8635456}","Harborside Food Mart8220 Harborside Drive, Galveston","Yamato2104 61st Street, Galveston",86
312,478,On the Run,"4427 Broadway Avenue J, Galveston","{'lat': 29.293301, 'lng': -94.8167646}","On the Run4427 Broadway Avenue J, Galveston","Moody Gardens Hotel, Spa and Convention Center7 Hope Boulevard, Galveston",86
313,479,Murphy USA,"6810 Seawall Boulevard, Galveston","{'lat': 29.26315, 'lng': -94.83364}","Murphy USA6810 Seawall Boulevard, Galveston","Moody Gardens Hotel, Spa and Convention Center7 Hope Boulevard, Galveston",86
314,480,Texaco Galveston,"1928 Broadway Avenue J, Galveston","{'lat': 29.301321, 'lng': -94.7883262}","Texaco Galveston1928 Broadway Avenue J, Galveston","Chevron Galveston3902 Broadway Avenue J, Galveston",87
315,481,Texaco,"6101 Broadway Street, Galveston","{'lat': 29.2879576, 'lng': -94.8380791}","Texaco6101 Broadway Street, Galveston","Moody Gardens Hotel, Spa and Convention Center7 Hope Boulevard, Galveston",86
316,482,Chevron,"2502 45th Street, Galveston","{'lat': 29.2801474, 'lng': -94.8124706}","Chevron2502 45th Street, Galveston","Moody Gardens Hotel, Spa and Convention Center7 Hope Boulevard, Galveston",86
317,483,Tiki Food Mart,"200 Tiki Drive, Galveston","{'lat': 29.302725, 'lng': -94.90395649999999}","Tiki Food Mart200 Tiki Drive, Galveston","Moody Gardens Hotel, Spa and Convention Center7 Hope Boulevard, Galveston",86
318,484,Island Food Mart,"8224 Harborside Drive, Galveston","{'lat': 29.2868953, 'lng': -94.863742}","Island Food Mart8224 Harborside Drive, Galveston","Moody Gardens Hotel, Spa and Convention Center7 Hope Boulevard, Galveston",86
319,485,Dollar General,"14322 Termini-San Luis Pass Road, Galveston","{'lat': 29.2006851, 'lng': -94.94879569999999}","Dollar General14322 Termini-San Luis Pass Road, Galveston","Shrimp N Stuff3901 Avenue O, Galveston",86
321,487,Dollar General,"2415 69th Street b, Galveston","{'lat': 29.2713435, 'lng': -94.83905569999999}","Dollar General2415 69th Street b, Galveston","Moody Gardens Hotel, Spa and Convention Center7 Hope Boulevard, Galveston",86
326,493,Chevron,"17523 Farm to Market Road 3005, Galveston","{'lat': 29.1748447, 'lng': -94.9858486}","Chevron17523 Farm to Market Road 3005, Galveston","Moody Gardens Hotel, Spa and Convention Center7 Hope Boulevard, Galveston",86
327,494,Seasons Food Mart,"2701 Broadway Avenue J, Galveston","{'lat': 29.2984014, 'lng': -94.79679949999999}","Seasons Food Mart2701 Broadway Avenue J, Galveston","Yamato2104 61st Street, Galveston",86
330,517,CVS,"2326 61st Street, Galveston","{'lat': 29.2762064, 'lng': -94.8307695}","CVS2326 61st Street, Galveston","Moody Gardens Hotel, Spa and Convention Center7 Hope Boulevard, Galveston",86
331,518,7 Days Food Store,"3428 Seawall Boulevard, Galveston","{'lat': 29.2820312, 'lng': -94.80056549999999}","7 Days Food Store3428 Seawall Boulevard, Galveston","Yamato2104 61st Street, Galveston",86
332,520,Merco Supermarket,"2203 45th Street, Galveston","{'lat': 29.282635, 'lng': -94.8137692}","Merco Supermarket2203 45th Street, Galveston","Moody Gardens Hotel, Spa and Convention Center7 Hope Boulevard, Galveston",86
333,524,Food Mart,"6101 Broadway Street, Galveston","{'lat': 29.287939, 'lng': -94.8380339}","Food Mart6101 Broadway Street, Galveston","Moody Gardens Hotel, Spa and Convention Center7 Hope Boulevard, Galveston",86
334,527,Valero,"3825 Broadway Avenue J, Galveston","{'lat': 29.2949705, 'lng': -94.8099404}","Valero3825 Broadway Avenue J, Galveston","Moody Gardens Hotel, Spa and Convention Center7 Hope Boulevard, Galveston",86
335,528,"Dr. Kelly L. Scott, MD","301 University Boulevard, Galveston","{'lat': 29.3107498, 'lng': -94.7758738}","Dr. Kelly L. Scott, MD301 University Boulevard, Galveston","Shrimp N Stuff3901 Avenue O, Galveston",86
336,530,Ball High School,"4115 Avenue O, Galveston","{'lat': 29.2873747, 'lng': -94.8115993}","Ball High School4115 Avenue O, Galveston","Moody Gardens Hotel, Spa and Convention Center7 Hope Boulevard, Galveston",86
337,531,Saint Marys School,Galveston,"{'lat': 29.3037745, 'lng': -94.78991359999999}",Saint Marys SchoolGalveston,Moody SchoolGalveston,79
338,533,O'Connell College Preparatory School,"1320 23rd Street Rear, Galveston","{'lat': 29.2971155, 'lng': -94.790227}","O'Connell College Preparatory School1320 23rd Street Rear, Galveston","The Spot3204 Seawall Boulevard, Galveston",86
341,536,Walk on Water Yoga,"14302 Stewart Road, Galveston","{'lat': 29.207382, 'lng': -94.949243}","Walk on Water Yoga14302 Stewart Road, Galveston","Moody Gardens Hotel, Spa and Convention Center7 Hope Boulevard, Galveston",86
342,537,Weis Middle School,"7100 Stewart Road, Galveston","{'lat': 29.265021, 'lng': -94.83880359999999}","Weis Middle School7100 Stewart Road, Galveston","Moody Gardens Hotel, Spa and Convention Center7 Hope Boulevard, Galveston",86
343,538,Chance 2 Grow Childcare,"5736 Avenue R, Galveston","{'lat': 29.27820700000001, 'lng': -94.827944}","Chance 2 Grow Childcare5736 Avenue R, Galveston","Moody Gardens Hotel, Spa and Convention Center7 Hope Boulevard, Galveston",86
346,541,AIM College & Career Prep,"5200 Avenue North 1/2, Galveston","{'lat': 29.2865142, 'lng': -94.8234179}","AIM College & Career Prep5200 Avenue North 1/2, Galveston","Shrimp N Stuff3901 Avenue O, Galveston",86
347,543,A is for Apple Childcare & Learning Center,"721 35th Street, Galveston","{'lat': 29.2984164, 'lng': -94.80666939999999}","A is for Apple Childcare & Learning Center721 35th Street, Galveston","The Spot3204 Seawall Boulevard, Galveston",86
348,544,Seibel Student Services Center,"3030 Texas Clipper Road, Galveston","{'lat': 29.3161553, 'lng': -94.8176582}","Seibel Student Services Center3030 Texas Clipper Road, Galveston","The Spot3204 Seawall Boulevard, Galveston",86
349,545,St Vincent's Episcopal,"2817 Postoffice Street, Galveston","{'lat': 29.3025156, 'lng': -94.7997881}","St Vincent's Episcopal2817 Postoffice Street, Galveston","Yamato2104 61st Street, Galveston",86
350,546,Moody Early Childhood Center,"1110 21st Street, Galveston","{'lat': 29.299381, 'lng': -94.78858679999999}","Moody Early Childhood Center1110 21st Street, Galveston","Yamato2104 61st Street, Galveston",86
351,547,Adventist School,"1628 Avenue M 1/2, Galveston","{'lat': 29.2985509, 'lng': -94.7838299}","Adventist School1628 Avenue M 1/2, Galveston","Moody Gardens Hotel, Spa and Convention Center7 Hope Boulevard, Galveston",86
358,565,Central Middle School,"3014 Sealy Avenue, Galveston","{'lat': 29.2990855, 'lng': -94.8014288}","Central Middle School3014 Sealy Avenue, Galveston","Russo's New York Pizzeria & Italian Kitchen - Galveston500 Seawall Boulevard #300, Galveston",86
359,566,Health Initiatives Learning,"5301 Broadway Avenue J, Galveston","{'lat': 29.2908013, 'lng': -94.8264955}","Health Initiatives Learning5301 Broadway Avenue J, Galveston","Shrimp N Stuff3901 Avenue O, Galveston",86
362,570,Childrens Coalition,"5127 Avenue U, Galveston","{'lat': 29.27427849999999, 'lng': -94.8195425}","Childrens Coalition5127 Avenue U, Galveston","Moody Gardens Hotel, Spa and Convention Center7 Hope Boulevard, Galveston",86
363,571,Galveston ISD Softball Field,"3103 83rd Street, Galveston","{'lat': 29.25891549999999, 'lng': -94.85007759999999}","Galveston ISD Softball Field3103 83rd Street, Galveston","Yamato2104 61st Street, Galveston",86
364,572,Austin Middle School,"1514 Ursuline Street, Galveston","{'lat': 29.2978521, 'lng': -94.7818738}","Austin Middle School1514 Ursuline Street, Galveston","Yamato2104 61st Street, Galveston",86
365,573,A Green Earth Montessori,"6910 Yucca Drive, Galveston","{'lat': 29.2707593, 'lng': -94.8390759}","A Green Earth Montessori6910 Yucca Drive, Galveston","Yamato2104 61st Street, Galveston",86
366,574,ArtistBoat Kayak Launch,Galveston,"{'lat': 29.2219277, 'lng': -94.9326705}",ArtistBoat Kayak LaunchGalveston,Saint Marys SchoolGalveston,61
367,575,The Haynes Institue Of Collaborative Studies,"8610 Seawall Boulevard, Galveston","{'lat': 29.253355, 'lng': -94.8503824}","The Haynes Institue Of Collaborative Studies8610 Seawall Boulevard, Galveston","Rainforest Cafe5310 Seawall Boulevard, Galveston",86
368,576,Grete Oppe School,"2915 81st Street, Galveston","{'lat': 29.2634489, 'lng': -94.85020829999999}","Grete Oppe School2915 81st Street, Galveston","Oppe Elementary School2915 81st Street, Galveston",87
370,579,Sea Side Christian Academy,"6107 Broadway Street, Galveston","{'lat': 29.2877355, 'lng': -94.838438}","Sea Side Christian Academy6107 Broadway Street, Galveston","Shrimp N Stuff3901 Avenue O, Galveston",86
371,580,Student Alternative Instructional Learning Center,Galveston,"{'lat': 29.2777634, 'lng': -94.8244564}",Student Alternative Instructional Learning CenterGalveston,Galveston Alternative SchoolGalveston,86
372,582,Kiddie Kampus,"4627 Avenue Q 1/2, Galveston","{'lat': 29.2822247, 'lng': -94.8156001}","Kiddie Kampus4627 Avenue Q 1/2, Galveston","Moody Gardens Hotel, Spa and Convention Center7 Hope Boulevard, Galveston",86
373,583,Galveston Alternative School,Galveston,"{'lat': 29.28968159999999, 'lng': -94.81352960000001}",Galveston Alternative SchoolGalveston,"Moody Gardens Hotel, Spa and Convention Center7 Hope Boulevard, Galveston",86
374,584,the Galveston Island Swim Team,"4115 Avenue O, Galveston","{'lat': 29.28733699999999, 'lng': -94.81163149999999}","the Galveston Island Swim Team4115 Avenue O, Galveston","Yamato2104 61st Street, Galveston",86
375,585,Swim Lessons,"4115 Avenue O, Galveston","{'lat': 29.28733699999999, 'lng': -94.81163149999999}","Swim Lessons4115 Avenue O, Galveston","Moody Gardens Hotel, Spa and Convention Center7 Hope Boulevard, Galveston",86
376,586,SCOTT BUILDING,"4116 Avenue North 1/2, Galveston","{'lat': 29.2895624, 'lng': -94.8115024}","SCOTT BUILDING4116 Avenue North 1/2, Galveston","Moody Gardens Hotel, Spa and Convention Center7 Hope Boulevard, Galveston",86
377,587,Scott Collegiate Academy,"4068 Avenue North 1/2, Galveston","{'lat': 29.2894027, 'lng': -94.8111174}","Scott Collegiate Academy4068 Avenue North 1/2, Galveston","Yaga's Cafe2314 The Strand, Galveston",86
382,596,Upward Hope Academy,"3301 Church Street, Galveston","{'lat': 29.3004031, 'lng': -94.8049977}","Upward Hope Academy3301 Church Street, Galveston","Moody Gardens Hotel, Spa and Convention Center7 Hope Boulevard, Galveston",86
383,599,Spoor Field,Galveston,"{'lat': 29.2855238, 'lng': -94.8102717}",Spoor FieldGalveston,"Galveston ISD Softball Field3103 83rd Street, Galveston",64
384,601,Broadway Shopping Center,"Broadway St &, 60th Street, Galveston","{'lat': 29.2898668, 'lng': -94.83499510000001}","Broadway Shopping CenterBroadway St &, 60th Street, Galveston","Shrimp N Stuff3901 Avenue O, Galveston",86
385,603,Galvez Shopping Center,"6228 Broadway Street, Galveston","{'lat': 29.290072, 'lng': -94.8410552}","Galvez Shopping Center6228 Broadway Street, Galveston","Yamato2104 61st Street, Galveston",86
386,604,Old Galveston Square,"2211 The Strand, Galveston","{'lat': 29.3069536, 'lng': -94.7938482}","Old Galveston Square2211 The Strand, Galveston","Moody Gardens Hotel, Spa and Convention Center7 Hope Boulevard, Galveston",86
387,605,Campeche Cove Shopping Center,"3802 Cove View Boulevard, Galveston","{'lat': 29.2446394, 'lng': -94.8678247}","Campeche Cove Shopping Center3802 Cove View Boulevard, Galveston","The Spot3204 Seawall Boulevard, Galveston",86
388,606,Plaza on Galveston Island,"6303-6327 Stewart Road, Galveston","{'lat': 29.2743735, 'lng': -94.8327132}","Plaza on Galveston Island6303-6327 Stewart Road, Galveston","Shrimp N Stuff3901 Avenue O, Galveston",86
389,608,Village One Town Center I Llc,"1625 East Beach Drive #2A, Galveston","{'lat': 29.3195771, 'lng': -94.7502203}","Village One Town Center I Llc1625 East Beach Drive #2A, Galveston","The Spot3204 Seawall Boulevard, Galveston",86
0,0,Cajun Greek,"2226 61st St Galveston, TX 77551","{'latitude': 29.2769392, 'longitude': -94.8316408}","Cajun Greek2226 61st St Galveston, TX 77551","Moody Gardens Hotel, Spa and Convention Center7 Hope Boulevard, Galveston",86
1,1,Shrimp N Stuff,"3901 Ave O Galveston, TX 77550","{'latitude': 29.28874, 'longitude': -94.80844}","Shrimp N Stuff3901 Ave O Galveston, TX 77550","Moody Gardens Hotel, Spa and Convention Center7 Hope Boulevard, Galveston",86
2,2,Gypsy Joynt,"6105 Stewart Rd Galveston, TX 77551","{'latitude': 29.274172387748465, 'longitude': -94.83164758225018}","Gypsy Joynt6105 Stewart Rd Galveston, TX 77551","Gypsy Joynt6105 Stewart Road, Galveston",88
3,3,Seahorse Grill,"3802 Cove View Blvd Ste C Galveston, TX 77554","{'latitude': 29.24448719077595, 'longitude': -94.86803805979805}","Seahorse Grill3802 Cove View Blvd Ste C Galveston, TX 77554","Shrimp N Stuff3901 Avenue O, Galveston",86
4,4,Bronco Burritos,"4917 Broadway St Galveston, TX 77551","{'latitude': 29.291765642905766, 'longitude': -94.82237832016597}","Bronco Burritos4917 Broadway St Galveston, TX 77551","Yamato2104 61st Street, Galveston",86
5,5,Jimmy's on the Pier,"9001 Seawall Blvd Galveston, TX 77554","{'latitude': 29.25064, 'longitude': -94.85324}","Jimmy's on the Pier9001 Seawall Blvd Galveston, TX 77554","Yaga's Cafe2314 The Strand, Galveston",86
6,6,Viet Cajun,"8910 Seawall Blvd Ste E Galveston, TX 77554","{'latitude': 29.25173, 'longitude': -94.85317}","Viet Cajun8910 Seawall Blvd Ste E Galveston, TX 77554","Yamato2104 61st Street, Galveston",86
7,7,Sugar Bean Coffee and Cream,"11 Evia Main Ste 101 Galveston, TX 77554","{'latitude': 29.2613716, 'longitude': -94.870235}","Sugar Bean Coffee and Cream11 Evia Main Ste 101 Galveston, TX 77554","The Spot3204 Seawall Boulevard, Galveston",86
8,8,Soul 2 Soul Cafe,"5300 Broadway Ave J Galveston, TX 77551","{'latitude': 29.290994381217008, 'longitude': -94.82633813800247}","Soul 2 Soul Cafe5300 Broadway Ave J Galveston, TX 77551","Yamato2104 61st Street, Galveston",86
9,9,Yamato Japanese Restaurant,"2104 61st St Galveston, TX 77551","{'latitude': 29.2779048, 'longitude': -94.8321044}","Yamato Japanese Restaurant2104 61st St Galveston, TX 77551","Shrimp N Stuff3901 Avenue O, Galveston",86
10,10,Number 13,"7809 Broadway St Galveston, TX 77554","{'latitude': 29.28501, 'longitude': -94.85752}","Number 137809 Broadway St Galveston, TX 77554","Moody Gardens Hotel, Spa and Convention Center7 Hope Boulevard, Galveston",86
11,11,Rita's Italian Ice,"6026 Seawall Blvd Ste E Galveston, TX 77551","{'latitude': 29.26708, 'longitude': -94.82605}","Rita's Italian Ice6026 Seawall Blvd Ste E Galveston, TX 77551","Shrimp N Stuff3901 Avenue O, Galveston",86
12,12,Salsas Mexican Restaurant,"4604 Seawall Blvd Galveston, TX 77551","{'latitude': 29.27548, 'longitude': -94.811806}","Salsas Mexican Restaurant4604 Seawall Blvd Galveston, TX 77551","The Spot3204 Seawall Boulevard, Galveston",86
13,13,Papa's Pizza,"4400 Seawall Blvd Galveston, TX 77550","{'latitude': 29.2765, 'longitude': -94.80952}","Papa's Pizza4400 Seawall Blvd Galveston, TX 77550","Papa Johns Pizza6600 Seawall Blvd Galveston, TX 77551",90
14,14,Pho Tai,"3728 Broadway Galveston, TX 77550","{'latitude': 29.29598, 'longitude': -94.80908}","Pho Tai3728 Broadway Galveston, TX 77550","Moody Gardens Hotel, Spa and Convention Center7 Hope Boulevard, Galveston",86
15,15,Sapori Ristorante,"7611 Stewart Rd Galveston, TX 77551","{'latitude': 29.25922, 'longitude': -94.84119}","Sapori Ristorante7611 Stewart Rd Galveston, TX 77551","Yamato2104 61st Street, Galveston",86
16,16,Yanni’s Gyros And Kebabs,"8027 Harborside Dr Galveston, TX 77554","{'latitude': 29.28896, 'longitude': -94.8627}","Yanni’s Gyros And Kebabs8027 Harborside Dr Galveston, TX 77554","The Spot3204 Seawall Boulevard, Galveston",86
17,17,Grotto Ristorante,"5222 Seawall Blvd Galveston, TX 77551","{'latitude': 29.272606, 'longitude': -94.818427}","Grotto Ristorante5222 Seawall Blvd Galveston, TX 77551","Yamato2104 61st Street, Galveston",86
18,18,Moody Gardens,"1 Hope Blvd Galveston, TX 77554","{'latitude': 29.275347609953, 'longitude': -94.851790279908}","Moody Gardens1 Hope Blvd Galveston, TX 77554","Moody Gardens Hotel, Spa and Convention Center7 Hope Boulevard, Galveston",86
19,19,Leon's World's Finest BBQ,"5427 Broadway St Galveston, TX 77551","{'latitude': 29.29022044472176, 'longitude': -94.8283999}","Leon's World's Finest BBQ5427 Broadway St Galveston, TX 77551","Shrimp N Stuff3901 Avenue O, Galveston",86
20,20,Mario's Pizza,"13708 Termini-san Luis Pass Rd Galveston, TX 77554","{'latitude': 29.2082758, 'longitude': -94.9373606}","Mario's Pizza13708 Termini-san Luis Pass Rd Galveston, TX 77554","Mario's Pizza13708 Termini-San Luis Pass Road, Galveston",90
21,21,Magic Carpet Golf,"9030 Seawall Blvd Galveston, TX 77554","{'latitude': 29.2510547637939, 'longitude': -94.8545074462891}","Magic Carpet Golf9030 Seawall Blvd Galveston, TX 77554","Yamato2104 61st Street, Galveston",86
22,22,Landry's Prime Seafood & Steaks,"5310 Seawall Blvd Galveston, TX 77551","{'latitude': 29.270735202849, 'longitude': -94.8202316880881}","Landry's Prime Seafood & Steaks5310 Seawall Blvd Galveston, TX 77551","Landry's Prime Seafood & Steaks5310 Seawall Boulevard, Galveston",88
23,23,Seawall Coffee Company,"3802 Cove View Blvd Galveston, TX 77554","{'latitude': 29.244638725096042, 'longitude': -94.8678233612548}","Seawall Coffee Company3802 Cove View Blvd Galveston, TX 77554","Shrimp N Stuff3901 Avenue O, Galveston",86
24,24,Darlene's Shrimp Shack,"1727 61st St Galveston, TX 77551","{'latitude': 29.281213760376, 'longitude': -94.8343124389648}","Darlene's Shrimp Shack1727 61st St Galveston, TX 77551","Yamato2104 61st Street, Galveston",86
25,25,Teaside Tapioca,"4702 Seawall Blvd Galveston, TX 77551","{'latitude': 29.2741856735096, 'longitude': -94.8132018030099}","Teaside Tapioca4702 Seawall Blvd Galveston, TX 77551","Yamato2104 61st Street, Galveston",86
26,26,Nate's West End,"17515 Termini-San Luis Pass Rd Galveston, TX 77554","{'latitude': 29.175256729126, 'longitude': -94.9850769042969}","Nate's West End17515 Termini-San Luis Pass Rd Galveston, TX 77554","The Spot3204 Seawall Boulevard, Galveston",86
27,27,Cafe Canela Restaurant,"6105 Stewart Rd ste C Galveston, TX 77551","{'latitude': 29.2743245, 'longitude': -94.8309314}","Cafe Canela Restaurant6105 Stewart Rd ste C Galveston, TX 77551","The Spot3204 Seawall Boulevard, Galveston",86
28,28,Shearn's Seafood and Prime Steaks,"7 Hope Blvd Galveston, TX 77554","{'latitude': 29.270826769182, 'longitude': -94.8504638671875}","Shearn's Seafood and Prime Steaks7 Hope Blvd Galveston, TX 77554","Shearn's Seafood and Prime Steaks7 Hope Boulevard, Galveston",87
29,29,Los Patrones,"4901 Broadway Ave Ste J Galveston, TX 77551","{'latitude': 29.29188137221802, 'longitude': -94.82201358220902}","Los Patrones4901 Broadway Ave Ste J Galveston, TX 77551","Yamato2104 61st Street, Galveston",86
30,30,The Steakhouse,"5222 Seawall Blvd Galveston, TX 77551","{'latitude': 29.272365, 'longitude': -94.818467}","The Steakhouse5222 Seawall Blvd Galveston, TX 77551","Yamato2104 61st Street, Galveston",86
31,31,Lil' Buffalo Grille,"13 Evia Main Galveston, TX 77554","{'latitude': 29.261107475744403, 'longitude': -94.87064057468163}","Lil' Buffalo Grille13 Evia Main Galveston, TX 77554","Yamato2104 61st Street, Galveston",86
32,32,Mi Abuelitas,"1728 45th St Galveston, TX 77550","{'latitude': 29.2866268157959, 'longitude': -94.8146667480469}","Mi Abuelitas1728 45th St Galveston, TX 77550","Moody Gardens Hotel, Spa and Convention Center7 Hope Boulevard, Galveston",86
33,33,Mario's Ristorante,"2202 61st St Galveston, TX 77551","{'latitude': 29.27708, 'longitude': -94.8315}","Mario's Ristorante2202 61st St Galveston, TX 77551","Yamato2104 61st Street, Galveston",86
34,34,Waterman's Restaurant,"14302 Stewart Rd Galveston, TX 77554","{'latitude': 29.2073822021484, 'longitude': -94.9492416381836}","Waterman's Restaurant14302 Stewart Rd Galveston, TX 77554","Waterman's Restaurant14302 Stewart Road, Galveston",90
35,35,Galveston Island State Park,"14901 Fm 3005 Galveston, TX 77554","{'latitude': 29.1940825995389, 'longitude': -94.9545979499817}","Galveston Island State Park14901 Fm 3005 Galveston, TX 77554","Shrimp N Stuff3901 Avenue O, Galveston",86
36,36,Tortuga Mexican Kitchen,"6010 Seawall Blvd Galveston, TX 77551","{'latitude': 29.2674884796143, 'longitude': -94.8255920410156}","Tortuga Mexican Kitchen6010 Seawall Blvd Galveston, TX 77551","Shrimp N Stuff3901 Avenue O, Galveston",86
37,37,Cooper’s Landing,"11150 FM-3005 Galveston, TX 77554","{'latitude': 29.24071, 'longitude': -94.87794}","Cooper’s Landing11150 FM-3005 Galveston, TX 77554","Russo's New York Pizzeria & Italian Kitchen - Galveston500 Seawall Boulevard #300, Galveston",86
38,38,Koop's BBQ Kitchen & Catering,"4501 Broadway Ave J Galveston, TX 77551","{'latitude': 29.293170891534057, 'longitude': -94.81733590364456}","Koop's BBQ Kitchen & Catering4501 Broadway Ave J Galveston, TX 77551","The Spot3204 Seawall Boulevard, Galveston",86
39,39,Gino's Italian Restaurant,"6124 Stewart Rd Galveston, TX 77551","{'latitude': 29.2730365885301, 'longitude': -94.8306729052795}","Gino's Italian Restaurant6124 Stewart Rd Galveston, TX 77551","Shrimp N Stuff3901 Avenue O, Galveston",86
40,40,Mercadito Y Taqueria,"3802 Broadway Ave J Galveston, TX 77550","{'latitude': 29.29602, 'longitude': -94.80967}","Mercadito Y Taqueria3802 Broadway Ave J Galveston, TX 77550","Shrimp N Stuff3901 Avenue O, Galveston",86
41,41,Texas Pit Stop BBQ - Galveston,"6612 Seawall Blvd Galveston, TX 77551","{'latitude': 29.263709, 'longitude': -94.8317621}","Texas Pit Stop BBQ - Galveston6612 Seawall Blvd Galveston, TX 77551","The Spot3204 Seawall Boulevard, Galveston",86
42,42,Kritikos Grill,"4908 Seawall Blvd Galveston, TX 77551","{'latitude': 29.273495016114182, 'longitude': -94.81565133191256}","Kritikos Grill4908 Seawall Blvd Galveston, TX 77551","Yamato2104 61st Street, Galveston",86
43,43,Rainforest Cafe,"5310 Seawall Blvd Galveston, TX 77551","{'latitude': 29.27075306734197, 'longitude': -94.820207208395}","Rainforest Cafe5310 Seawall Blvd Galveston, TX 77551","Yamato2104 61st Street, Galveston",86
44,44,IHOP,"5224 Seawall Blvd Galveston, TX 77551","{'latitude': 29.27119, 'longitude': -94.81943}","IHOP5224 Seawall Blvd Galveston, TX 77551","Moody Gardens Hotel, Spa and Convention Center7 Hope Boulevard, Galveston",86
45,45,Los Primos Cafe,"6701 Stewart Rd Ste 1 Galveston, TX 77551","{'latitude': 29.2727249, 'longitude': -94.837071}","Los Primos Cafe6701 Stewart Rd Ste 1 Galveston, TX 77551","Yaga's Cafe2314 The Strand, Galveston",86
46,46,Orange Leaf Frozen Yogurt,"6606 Seawall Blvd Galveston, TX 77551","{'latitude': 29.2637435, 'longitude': -94.8316986}","Orange Leaf Frozen Yogurt6606 Seawall Blvd Galveston, TX 77551","Orange Leaf Frozen Yogurt6606 Seawall Boulevard, Galveston",87
47,47,Pariah Coffee,"16708 Termini San Luis Pass Rd, Ste F Jamaica Beach, TX 77554","{'latitude': 29.181794, 'longitude': -94.975648}","Pariah Coffee16708 Termini San Luis Pass Rd, Ste F Jamaica Beach, TX 77554","Go Nuts and Beans102 20th Street ste c, Galveston",86
48,48,Blake's Bistro,"5222 Seawall Blvd Galveston, TX 77551","{'latitude': 29.27254011753384, 'longitude': -94.81829196302441}","Blake's Bistro5222 Seawall Blvd Galveston, TX 77551","Yamato2104 61st Street, Galveston",86
49,49,Nopalera Grill,"5001 Broadway St Galveston, TX 77551","{'latitude': 29.29155, 'longitude': -94.82299}","Nopalera Grill5001 Broadway St Galveston, TX 77551","Yamato2104 61st Street, Galveston",86
51,51,Diamond Beach Vacation Rentals,"10327 Termini San Luis Pass Rd Galveston, TX 77554","{'latitude': 29.24307, 'longitude': -94.86803}","Diamond Beach Vacation Rentals10327 Termini San Luis Pass Rd Galveston, TX 77554","Rainforest Cafe5310 Seawall Boulevard, Galveston",86
52,52,Waffle House - Galveston,"2825 1/2 61st St Galveston, TX 77551","{'latitude': 29.268310483487618, 'longitude': -94.82769747774324}","Waffle House - Galveston2825 1/2 61st St Galveston, TX 77551","Shrimp N Stuff3901 Avenue O, Galveston",86
53,53,Cordray Drug Store,"3827 Ave L Galveston, TX 77550","{'latitude': 29.293314, 'longitude': -94.8095633}","Cordray Drug Store3827 Ave L Galveston, TX 77550","Moody Gardens Hotel, Spa and Convention Center7 Hope Boulevard, Galveston",86
54,54,Hummel's General Store & Deli,"13722 Termini San Luis Pass Rd Galveston, TX 77554","{'latitude': 29.20822, 'longitude': -94.9374899}","Hummel's General Store & Deli13722 Termini San Luis Pass Rd Galveston, TX 77554","Rainforest Cafe5310 Seawall Boulevard, Galveston",86
55,55,Golden Corral - Galveston,"6200 Seawall Blvd Galveston, TX 77551","{'latitude': 29.266223, 'longitude': -94.828269}","Golden Corral - Galveston6200 Seawall Blvd Galveston, TX 77551","The Spot3204 Seawall Boulevard, Galveston",86
56,56,Mel's Blueplate Express,"7428 Stewart Rd Galveston, TX 77551","{'latitude': 29.260756, 'longitude': -94.840035}","Mel's Blueplate Express7428 Stewart Rd Galveston, TX 77551","Shrimp N Stuff3901 Avenue O, Galveston",86
57,57,Los Lazos,"6316 Stewart Rd Galveston, TX 77551","{'latitude': 29.27466, 'longitude': -94.8339}","Los Lazos6316 Stewart Rd Galveston, TX 77551","Moody Gardens Hotel, Spa and Convention Center7 Hope Boulevard, Galveston",86
58,58,Way West Grill & Pizzeria,"16708 Termini-San Luis Pass Rd Jamaica Beach, TX 77554","{'latitude': 29.1814914636468, 'longitude': -94.9759138061438}","Way West Grill & Pizzeria16708 Termini-San Luis Pass Rd Jamaica Beach, TX 77554","Beerfoot Beach Bar2816 Avenue R 1/2, Galveston",86
59,59,Galveston Pocket Park 2,"11745 FM 3005 Galveston, TX 77554","{'latitude': 29.22704, 'longitude': -94.89644}","Galveston Pocket Park 211745 FM 3005 Galveston, TX 77554","Yaga's Cafe2314 The Strand, Galveston",86
60,60,Sunny Beach,"11215 Bernice Dr Galveston, TX 77554","{'latitude': 29.2338480477905, 'longitude': -94.8823580235709}","Sunny Beach11215 Bernice Dr Galveston, TX 77554","Moody Gardens Hotel, Spa and Convention Center7 Hope Boulevard, Galveston",86
61,61,Honduras Food,"3726 Broadway St Galveston, TX 77550","{'latitude': 29.2958377, 'longitude': -94.8090758}","Honduras Food3726 Broadway St Galveston, TX 77550","Russo's New York Pizzeria & Italian Kitchen - Galveston500 Seawall Boulevard #300, Galveston",86
62,62,Woody's Bar,"11149 Termini-San Luis Pass Rd Galveston, TX 77554","{'latitude': 29.238427, 'longitude': -94.876953}","Woody's Bar11149 Termini-San Luis Pass Rd Galveston, TX 77554","Woody's Bar11149 Termini-San Luis Pass Road, Galveston",90
63,63,Shrimp & Stuff Food Truck,"Jamaica Beach, TX 77554","{'latitude': 29.18254, 'longitude': -94.97353}","Shrimp & Stuff Food TruckJamaica Beach, TX 77554","Island Spot hookah Bar , Food & smoke shop (Halal)1017 61st Street, Galveston",86
64,64,Aquarium Pyramid,"1 Hope Blvd Galveston, TX 77554","{'latitude': 29.2723614780696, 'longitude': -94.8542004275391}","Aquarium Pyramid1 Hope Blvd Galveston, TX 77554","Moody Gardens Hotel, Spa and Convention Center7 Hope Boulevard, Galveston",86
65,65,Ben & Jerry’s,"4408 Seawall Blvd Galveston, TX 77550","{'latitude': 29.2763179917141, 'longitude': -94.809796}","Ben & Jerry’s4408 Seawall Blvd Galveston, TX 77550","Yamato2104 61st Street, Galveston",86
66,66,Moody Gardens Golf Course,"1700 Sydnor Ln Galveston, TX 77554","{'latitude': 29.265189216157488, 'longitude': -94.86893274343505}","Moody Gardens Golf Course1700 Sydnor Ln Galveston, TX 77554","Shrimp N Stuff3901 Avenue O, Galveston",86
67,67,Rainforest Pyramid,"1 Hope Blvd Galveston, TX 77554","{'latitude': 29.2754847110984, 'longitude': -94.8526015753142}","Rainforest Pyramid1 Hope Blvd Galveston, TX 77554","Russo's New York Pizzeria & Italian Kitchen - Galveston500 Seawall Boulevard #300, Galveston",86
68,68,Tin Cup's Caddyshack,"9020 Stewart Rd Galveston, TX 77554","{'latitude': 29.25345, 'longitude': -94.85661}","Tin Cup's Caddyshack9020 Stewart Rd Galveston, TX 77554","Tin Cup's Caddy Shack9020 Stewart Road, Galveston",87
69,69,Happy Buddha,"2827 61st St Galveston, TX 77551","{'latitude': 29.26796, 'longitude': -94.82765}","Happy Buddha2827 61st St Galveston, TX 77551","Moody Gardens Hotel, Spa and Convention Center7 Hope Boulevard, Galveston",86
70,70,El Nopalito's,"614 42nd St Galveston, TX 77550","{'latitude': 29.297445, 'longitude': -94.814607}","El Nopalito's614 42nd St Galveston, TX 77550","Moody Gardens Hotel, Spa and Convention Center7 Hope Boulevard, Galveston",86
71,71,China Sea,"4402 Broadway St Galveston, TX 77550","{'latitude': 29.294062, 'longitude': -94.816411}","China Sea4402 Broadway St Galveston, TX 77550","Moody Gardens Hotel, Spa and Convention Center7 Hope Boulevard, Galveston",86
72,72,Joe's Seafood,"3702 Broadway St Galveston, TX 77550","{'latitude': 29.2961483001709, 'longitude': -94.8084411621094}","Joe's Seafood3702 Broadway St Galveston, TX 77550","Russo's New York Pizzeria & Italian Kitchen - Galveston500 Seawall Boulevard #300, Galveston",86
73,73,Galveston Island Cigar Lounge,"1813 61st St Ste 104 Galveston, TX 77551","{'latitude': 29.280505, 'longitude': -94.833994}","Galveston Island Cigar Lounge1813 61st St Ste 104 Galveston, TX 77551","The Spot3204 Seawall Boulevard, Galveston",86
74,74,Taqueria El Jardin Tropical,"3801 Broadway St Galveston, TX 77550","{'latitude': 29.295215794451384, 'longitude': -94.80934127358438}","Taqueria El Jardin Tropical3801 Broadway St Galveston, TX 77550","The Spot3204 Seawall Boulevard, Galveston",86
75,75,Cafe in the Park,"7 Hope Blvd Galveston, TX 77554","{'latitude': 29.2730724079183, 'longitude': -94.8508969682617}","Cafe in the Park7 Hope Blvd Galveston, TX 77554","Moody Gardens Hotel, Spa and Convention Center7 Hope Boulevard, Galveston",86
76,76,Whataburger,"6327 Stewart Rd Galveston, TX 77551","{'latitude': 29.27463420774535, 'longitude': -94.83211220666848}","Whataburger6327 Stewart Rd Galveston, TX 77551","Whataburger6327 Stewart Road, Galveston",88
77,77,H2O Pool + Bar,"5222 Seawall Blvd Inside the San Luis Resort Galveston, TX 77551","{'latitude': 29.2723853, 'longitude': -94.81741699999999}","H2O Pool + Bar5222 Seawall Blvd Inside the San Luis Resort Galveston, TX 77551","Rainforest Cafe5310 Seawall Boulevard, Galveston",86
78,78,The Hurricane Cowboy Shaved Ice Company,"9030 Seawall Blvd Galveston, TX 77554","{'latitude': 29.25105, 'longitude': -94.85451}","The Hurricane Cowboy Shaved Ice Company9030 Seawall Blvd Galveston, TX 77554","Rainforest Cafe5310 Seawall Boulevard, Galveston",86
79,79,El Rey Mexican Restaurant,"1519 39th St Galveston, TX 77550","{'latitude': 29.290184, 'longitude': -94.808862}","El Rey Mexican Restaurant1519 39th St Galveston, TX 77550","Shrimp N Stuff3901 Avenue O, Galveston",86
80,80,El Gusto Del Pueblo,"3714 Broadway St Galveston, TX 77550","{'latitude': 29.29607, 'longitude': -94.80873}","El Gusto Del Pueblo3714 Broadway St Galveston, TX 77550","Yamato2104 61st Street, Galveston",86
81,81,Beach Access Point 11,"12603 West Buena Vista Dr Galveston, TX 77554","{'latitude': 29.2188773679888, 'longitude': -94.9097950157301}","Beach Access Point 1112603 West Buena Vista Dr Galveston, TX 77554","The Spot3204 Seawall Boulevard, Galveston",86
82,82,Daiquiris To Go On Broadway,"4028 Broadway Ave J Galveston, TX 77550","{'latitude': 29.2946497, 'longitude': -94.8118193}","Daiquiris To Go On Broadway4028 Broadway Ave J Galveston, TX 77550","The Spot3204 Seawall Boulevard, Galveston",86
83,83,Texas Star Bakery,"5425 Broadway St Galveston, TX 77551","{'latitude': 29.2901668548584, 'longitude': -94.8282775878906}","Texas Star Bakery5425 Broadway St Galveston, TX 77551","Yamato2104 61st Street, Galveston",86
84,84,Hooters,"6028 Heards Ln Galveston, TX 77551","{'latitude': 29.2797, 'longitude': -94.83244}","Hooters6028 Heards Ln Galveston, TX 77551","Hooters6028 Heards Lane, Galveston",87
85,85,SEA BEAN Coffee Cafe,"9001 Seawall Blvd Galveston, TX 77551","{'latitude': 29.2506218, 'longitude': -94.8532271}","SEA BEAN Coffee Cafe9001 Seawall Blvd Galveston, TX 77551","Shrimp N Stuff3901 Avenue O, Galveston",86
86,86,Galveston Go Karts and Fun Center,"9402 Seawall Blvd Galveston, TX 77554","{'latitude': 29.2511, 'longitude': -94.8598}","Galveston Go Karts and Fun Center9402 Seawall Blvd Galveston, TX 77554","The Spot3204 Seawall Boulevard, Galveston",86
87,87,Starbucks,"2808 61st St Galveston, TX 77551","{'latitude': 29.2708403, 'longitude': -94.82791271}","Starbucks2808 61st St Galveston, TX 77551","Moody Gardens Hotel, Spa and Convention Center7 Hope Boulevard, Galveston",86
88,88,Terramar Beach,"Galveston, TX 77554","{'latitude': 29.2202445, 'longitude': -94.9643114}","Terramar BeachGalveston, TX 77554","Seahorse Grill3802 Cove View Blvd Ste C Galveston, TX 77554",86
89,89,Lupita,"2314 45th St Galveston, TX 77550","{'latitude': 29.28166052681139, 'longitude': -94.81301492883554}","Lupita2314 45th St Galveston, TX 77550","Moody Gardens Hotel, Spa and Convention Center7 Hope Boulevard, Galveston",86
90,90,Galvostonite Bistro,"16708 Termini San Luis Pass Rd Ste E Jamaica Beach, TX 77554","{'latitude': 29.181971349288872, 'longitude': -94.97549695530286}","Galvostonite Bistro16708 Termini San Luis Pass Rd Ste E Jamaica Beach, TX 77554","Go Nuts and Beans102 20th Street ste c, Galveston",86
91,91,Pirates Beach,"Pirates Aly Galveston, TX 77554","{'latitude': 29.2035640434977, 'longitude': -94.9348632618785}","Pirates BeachPirates Aly Galveston, TX 77554","Moody Gardens Hotel, Spa and Convention Center7 Hope Boulevard, Galveston",86
92,92,Venados Cantina,"16510 Termini San Luis Pass Rd Ste C Jamaica Beach, TX 77554","{'latitude': 29.184303500001374, 'longitude': -94.97112267055259}","Venados Cantina16510 Termini San Luis Pass Rd Ste C Jamaica Beach, TX 77554","Go Nuts and Beans102 20th Street ste c, Galveston",86
93,93,Taco Cabana,"2729 61st St. Galveston, TX 77551","{'latitude': 29.27079, 'longitude': -94.82903}","Taco Cabana2729 61st St. Galveston, TX 77551","Moody Gardens Hotel, Spa and Convention Center7 Hope Boulevard, Galveston",86
94,94,Jimmy John's,"6302 Seawall Blvd Ste A Galveston, TX 77551","{'latitude': 29.2656203, 'longitude': -94.8286125}","Jimmy John's6302 Seawall Blvd Ste A Galveston, TX 77551","Yamato2104 61st Street, Galveston",86
95,95,Old City Cemetery,"Broadway Between 40th and 43rd St Galveston, TX 77550","{'latitude': 29.2940186361201, 'longitude': -94.8130095005035}","Old City CemeteryBroadway Between 40th and 43rd St Galveston, TX 77550","The Spot3204 Seawall Boulevard, Galveston",86
96,96,Allens Kitchen And Grill,"3701 Winnie St Galveston, TX 77550","{'latitude': 29.2983699869308, 'longitude': -94.8091400787234}","Allens Kitchen And Grill3701 Winnie St Galveston, TX 77550","Shrimp N Stuff3901 Avenue O, Galveston",86
97,97,Wingstop,"6202 Broadway St Ste B Galveston, TX 77551","{'latitude': 29.2893436769425, 'longitude': -94.83961509914427}","Wingstop6202 Broadway St Ste B Galveston, TX 77551","Yamato2104 61st Street, Galveston",86
98,98,Kettle House,"1410 Miramar Dr Galveston, TX 77554","{'latitude': 29.2035002, 'longitude': -94.946323}","Kettle House1410 Miramar Dr Galveston, TX 77554","Moody Gardens Hotel, Spa and Convention Center7 Hope Boulevard, Galveston",86
99,99,Babes Beach,"6477 Seawall Blvd Galveston, TX 77551","{'latitude': 29.2645060135914, 'longitude': -94.8299088756065}","Babes Beach6477 Seawall Blvd Galveston, TX 77551","Moody Gardens Hotel, Spa and Convention Center7 Hope Boulevard, Galveston",86
100,100,Papa Johns Pizza,"6600 Seawall Blvd Galveston, TX 77551","{'latitude': 29.2639199349962, 'longitude': -94.8317631143408}","Papa Johns Pizza6600 Seawall Blvd Galveston, TX 77551","Papa's Pizza4400 Seawall Blvd Galveston, TX 77550",90
101,101,Arney’s Bayside Grill,"17200 Termini-San Luis Pass Rd Galveston, TX 77554","{'latitude': 29.178744, 'longitude': -94.982415}","Arney’s Bayside Grill17200 Termini-San Luis Pass Rd Galveston, TX 77554","The Spot3204 Seawall Boulevard, Galveston",86
102,102,Jetty,"5002 Seawall Blvd Galveston, TX 77551","{'latitude': 29.27279, 'longitude': -94.81661}","Jetty5002 Seawall Blvd Galveston, TX 77551","Moody Gardens Hotel, Spa and Convention Center7 Hope Boulevard, Galveston",86
103,103,Domino's Pizza,"2705 61st St Ste E Galveston, TX 77551","{'latitude': 29.27189, 'longitude': -94.829769}","Domino's Pizza2705 61st St Ste E Galveston, TX 77551","Domino's Pizza2705 61st Street Ste E, Galveston",87
104,104,Subway,"4908 Seawall Blvd Galveston, TX 77551","{'latitude': 29.2736229771926, 'longitude': -94.8154952089475}","Subway4908 Seawall Blvd Galveston, TX 77551","Moody Gardens Hotel, Spa and Convention Center7 Hope Boulevard, Galveston",86
105,105,KFC,"2227 61st St Galveston, TX 77551","{'latitude': 29.2765291614314, 'longitude': -94.8320118132245}","KFC2227 61st St Galveston, TX 77551","Moody Gardens Hotel, Spa and Convention Center7 Hope Boulevard, Galveston",86
106,106,Village of Tiki Island,"Galveston, TX 77554","{'latitude': 29.25296, 'longitude': -94.86929}","Village of Tiki IslandGalveston, TX 77554","StarbucksThe University of Texas Medical Branch at, 301 University Boulevard, Galveston",86
107,107,Jack in the Box,"2300 61st St Galveston, TX 77551","{'latitude': 29.2760699922856, 'longitude': -94.8318077623844}","Jack in the Box2300 61st St Galveston, TX 77551","Moody Gardens Hotel, Spa and Convention Center7 Hope Boulevard, Galveston",86
108,108,Marble Slab Creamery,"2705 61st St Ste D Galveston, TX 77551","{'latitude': 29.271826, 'longitude': -94.829839}","Marble Slab Creamery2705 61st St Ste D Galveston, TX 77551","Shrimp N Stuff3901 Avenue O, Galveston",86
109,109,Sonic Drive-In,"6502 Seawall Blvd Galveston, TX 77551","{'latitude': 29.2643767, 'longitude': -94.8309176}","Sonic Drive-In6502 Seawall Blvd Galveston, TX 77551","Yamato2104 61st Street, Galveston",86
110,110,Popeyes Louisiana Kitchen,"2904 61st St Galveston, TX 77551","{'latitude': 29.26788, 'longitude': -94.82646}","Popeyes Louisiana Kitchen2904 61st St Galveston, TX 77551","Shrimp N Stuff3901 Avenue O, Galveston",86
111,111,Bubba's at Tiki,"110 Gulf Fwy Tiki Island, TX 77554","{'latitude': 29.30352, 'longitude': -94.90013}","Bubba's at Tiki110 Gulf Fwy Tiki Island, TX 77554","Russo's New York Pizzeria & Italian Kitchen - Galveston500 Seawall Boulevard #300, Galveston",86
112,112,Subway,"16510 San Luis Pass Rd Ste B Galveston, TX 77554","{'latitude': 29.1844301337215, 'longitude': -94.9712316265384}","Subway16510 San Luis Pass Rd Ste B Galveston, TX 77554","Yamato2104 61st Street, Galveston",86
113,113,Peking Buffet,"6125 Central City Blvd Galveston, TX 77551","{'latitude': 29.26892, 'longitude': -94.82852}","Peking Buffet6125 Central City Blvd Galveston, TX 77551","Yamato2104 61st Street, Galveston",86
114,114,El Jefe Mexican Food,"3801 Broadway Ave J Unit -B Galveston, TX 77550","{'latitude': 29.2951775, 'longitude': -94.8093608}","El Jefe Mexican Food3801 Broadway Ave J Unit -B Galveston, TX 77550","The Spot3204 Seawall Boulevard, Galveston",86
115,115,Navarro Bakery,"3801 Broadway St Galveston, TX 77550","{'latitude': 29.29511, 'longitude': -94.8093899}","Navarro Bakery3801 Broadway St Galveston, TX 77550","Yamato2104 61st Street, Galveston",86
116,116,Buck's West,"16708 Termini San Luis Pass Rd Galveston, TX 77554","{'latitude': 29.181966, 'longitude': -94.975483}","Buck's West16708 Termini San Luis Pass Rd Galveston, TX 77554","Shrimp N Stuff3901 Avenue O, Galveston",86
117,117,Midtown Tavern,"5806 Stewart Rd Galveston, TX 77551","{'latitude': 29.2769122665077, 'longitude': -94.8284272716748}","Midtown Tavern5806 Stewart Rd Galveston, TX 77551","Russo's New York Pizzeria & Italian Kitchen - Galveston500 Seawall Boulevard #300, Galveston",86
118,118,Tiki Island Village of,"802 Tiki Dr Galveston, TX 77554","{'latitude': 29.29959, 'longitude': -94.9081}","Tiki Island Village of802 Tiki Dr Galveston, TX 77554","Yamato2104 61st Street, Galveston",86
119,119,Taco Bell,"5701 Broadway Galveston, TX 77551","{'latitude': 29.28956, 'longitude': -94.831}","Taco Bell5701 Broadway Galveston, TX 77551","Moody Gardens Hotel, Spa and Convention Center7 Hope Boulevard, Galveston",86
120,120,Pizza Hut,"4908C Seawall Blvd Galveston, TX 77551","{'latitude': 29.27359603516185, 'longitude': -94.8155883}","Pizza Hut4908C Seawall Blvd Galveston, TX 77551","Moody Gardens Hotel, Spa and Convention Center7 Hope Boulevard, Galveston",86
121,121,Schlotzsky's,"2705 61st St Ste H Galveston, TX 77551","{'latitude': 29.271950458451116, 'longitude': -94.82970544309313}","Schlotzsky's2705 61st St Ste H Galveston, TX 77551","Yamato2104 61st Street, Galveston",86
122,122,B. Jiggers Lounge,"5002 Seawall Blvd Galveston, TX 77551","{'latitude': 29.2725013, 'longitude': -94.8166683}","B. Jiggers Lounge5002 Seawall Blvd Galveston, TX 77551","Yamato2104 61st Street, Galveston",86
123,123,Silver Spot Saloon,"5202 Ave S Galveston, TX 77551","{'latitude': 29.2782648248119, 'longitude': -94.8209213465452}","Silver Spot Saloon5202 Ave S Galveston, TX 77551","Moody Gardens Hotel, Spa and Convention Center7 Hope Boulevard, Galveston",86
124,124,Crockett Park,"2601 53rd S Galveston, TX 77551","{'latitude': 29.2772116260936, 'longitude': -94.8216842306912}","Crockett Park2601 53rd S Galveston, TX 77551","Moody Gardens Hotel, Spa and Convention Center7 Hope Boulevard, Galveston",86
125,125,McDonald's,"5223 Broadway Ave Galveston, TX 77551","{'latitude': 29.2909067856539, 'longitude': -94.8258116841316}","McDonald's5223 Broadway Ave Galveston, TX 77551","Moody Gardens Hotel, Spa and Convention Center7 Hope Boulevard, Galveston",86
126,126,The Garden Restuarant,"7 Hope Blvd Galveston, TX 77554","{'latitude': 29.2760448292325, 'longitude': -94.852215542788}","The Garden Restuarant7 Hope Blvd Galveston, TX 77554","Yamato2104 61st Street, Galveston",86
127,127,Jack in the Box,"5028 Broadway Galveston, TX 77551","{'latitude': 29.2920772, 'longitude': -94.8237678408623}","Jack in the Box5028 Broadway Galveston, TX 77551","Moody Gardens Hotel, Spa and Convention Center7 Hope Boulevard, Galveston",86
128,128,Discovery Pyramid,"1 Hope Blvd Moody Gardens Galveston, TX 77554","{'latitude': 29.275712709346, 'longitude': -94.8536431856413}","Discovery Pyramid1 Hope Blvd Moody Gardens Galveston, TX 77554","The Spot3204 Seawall Boulevard, Galveston",86
129,129,Starbucks,"5730 Seawall Blvd Kroger Galveston, TX 77551","{'latitude': 29.269011, 'longitude': -94.824136}","Starbucks5730 Seawall Blvd Kroger Galveston, TX 77551","Yamato2104 61st Street, Galveston",86
130,130,McDonald's,"2912 61st St Galveston, TX 77551","{'latitude': 29.2674799501405, 'longitude': -94.8264102}","McDonald's2912 61st St Galveston, TX 77551","Moody Gardens Hotel, Spa and Convention Center7 Hope Boulevard, Galveston",86
131,131,The City Jamaica Beach,"5264 Jamaica Beach Jamaica Beach, TX 77554","{'latitude': 29.1788379102945, 'longitude': -94.9773135781288}","The City Jamaica Beach5264 Jamaica Beach Jamaica Beach, TX 77554","The Spot3204 Seawall Boulevard, Galveston",86
132,132,Cousins Maine Lobster Truck- Houston,"Houston, TX 77598","{'latitude': 29.54007, 'longitude': -95.12455}","Cousins Maine Lobster Truck- HoustonHouston, TX 77598","Tipsy Turtle Seaside Bar & Grill11745 Termini-San Luis Pass Rd Galveston, TX 77554",86
133,133,Sonic Drive-In,"5127 Broadway St Galveston, TX 77551","{'latitude': 29.2906869, 'longitude': -94.8247089}","Sonic Drive-In5127 Broadway St Galveston, TX 77551","Yamato2104 61st Street, Galveston",86
134,134,Schreiber Park,"3134 83rd St Galveston, TX 77554","{'latitude': 29.2597454041243, 'longitude': -94.8495257645845}","Schreiber Park3134 83rd St Galveston, TX 77554","Moody Gardens Hotel, Spa and Convention Center7 Hope Boulevard, Galveston",86
135,135,Starbucks,"2931 Central City Blvd Randalls-Galveston #1031 Galveston, TX 77551","{'latitude': 29.269594, 'longitude': -94.83004211}","Starbucks2931 Central City Blvd Randalls-Galveston #1031 Galveston, TX 77551","Rainforest Cafe5310 Seawall Boulevard, Galveston",86
136,136,El Sazon Katracho,"1302 39th St Galveston, TX 77550","{'latitude': 29.292429, 'longitude': -94.809227}","El Sazon Katracho1302 39th St Galveston, TX 77550","Russo's New York Pizzeria & Italian Kitchen - Galveston500 Seawall Boulevard #300, Galveston",86
137,137,Fruit Party Island,"4528 Broadway Galveston, TX 77550","{'latitude': 29.2935460446157, 'longitude': -94.8182267323136}","Fruit Party Island4528 Broadway Galveston, TX 77550","Yamato2104 61st Street, Galveston",86
138,138,Hard Times & Misery Saloon,"4302 Ave S Galveston, TX 77550","{'latitude': 29.2809382452295, 'longitude': -94.8106321644174}","Hard Times & Misery Saloon4302 Ave S Galveston, TX 77550","Yaga's Cafe2314 The Strand, Galveston",86
139,139,Dizzy Dorado,"3802 Cove View Blvd Galveston, TX 77554","{'latitude': 29.244618, 'longitude': -94.867832}","Dizzy Dorado3802 Cove View Blvd Galveston, TX 77554","Yamato2104 61st Street, Galveston",86
140,140,Mike’s Beach Bar,"4220 Ghost Crab Ln Galveston, TX 77554","{'latitude': 29.2072832033466, 'longitude': -94.9295953398374}","Mike’s Beach Bar4220 Ghost Crab Ln Galveston, TX 77554","Yamato2104 61st Street, Galveston",86
141,141,Burger King,"5815 Broadway St Galveston, TX 77551","{'latitude': 29.2889733521398, 'longitude': -94.8328404128551}","Burger King5815 Broadway St Galveston, TX 77551","Moody Gardens Hotel, Spa and Convention Center7 Hope Boulevard, Galveston",86
142,142,The Island Cakery,"16708 Termini San Luis Pass Rd Galveston, TX 77554","{'latitude': 29.1818, 'longitude': -94.97633}","The Island Cakery16708 Termini San Luis Pass Rd Galveston, TX 77554","The Spot3204 Seawall Boulevard, Galveston",86
143,143,Little Caesars,"2806 61st St Galveston, TX 77551","{'latitude': 29.27111, 'longitude': -94.82815}","Little Caesars2806 61st St Galveston, TX 77551","Moody Gardens Hotel, Spa and Convention Center7 Hope Boulevard, Galveston",86
144,144,It'z Nacho Bizness,"1002 47th St Galveston, TX 77551","{'latitude': 29.2927296536051, 'longitude': -94.819210767746}","It'z Nacho Bizness1002 47th St Galveston, TX 77551","Yamato2104 61st Street, Galveston",86
145,145,Spoony & Billy's,"16708 Termini-San Luis Pass Rd Ste C Jamaica Beach, TX 77554","{'latitude': 29.18195, 'longitude': -94.97466}","Spoony & Billy's16708 Termini-San Luis Pass Rd Ste C Jamaica Beach, TX 77554","Go Nuts and Beans102 20th Street ste c, Galveston",86
146,146,Sand Castle Beach,"11745 San Luis Pass Rd Galveston, TX 77554","{'latitude': 29.2281157, 'longitude': -94.896861}","Sand Castle Beach11745 San Luis Pass Rd Galveston, TX 77554","Shrimp N Stuff3901 Avenue O, Galveston",86
147,147,Panda Express,"6027 Stewart Rd Galveston, TX 77551","{'latitude': 29.2755, 'longitude': -94.83056}","Panda Express6027 Stewart Rd Galveston, TX 77551","Moody Gardens Hotel, Spa and Convention Center7 Hope Boulevard, Galveston",86
148,148,Sweet Home Alabama,"5806 Stewart Rd Galveston, TX 77551","{'latitude': 29.2769540724025, 'longitude': -94.8284573480487}","Sweet Home Alabama5806 Stewart Rd Galveston, TX 77551","Yamato2104 61st Street, Galveston",86
149,149,Incredible Cakes,"4528 Ave S Up Galveston, TX 77551","{'latitude': 29.280269527858064, 'longitude': -94.8137734}","Incredible Cakes4528 Ave S Up Galveston, TX 77551","Russo's New York Pizzeria & Italian Kitchen - Galveston500 Seawall Boulevard #300, Galveston",86
151,151,The Galley,"602 Seawolf Pkwy Galveston, TX 77554","{'latitude': 29.318473, 'longitude': -94.815028}","The Galley602 Seawolf Pkwy Galveston, TX 77554","Moody Gardens Hotel, Spa and Convention Center7 Hope Boulevard, Galveston",86
152,152,Subway,"2302-A 61st St Galveston, TX 77551","{'latitude': 29.2764403089912, 'longitude': -94.8310272263167}","Subway2302-A 61st St Galveston, TX 77551","Moody Gardens Hotel, Spa and Convention Center7 Hope Boulevard, Galveston",86
153,153,Gloria's Lounge,"4126 Ave S Galveston, TX 77550","{'latitude': 29.281382, 'longitude': -94.8091866821051}","Gloria's Lounge4126 Ave S Galveston, TX 77550","Moody Gardens Hotel, Spa and Convention Center7 Hope Boulevard, Galveston",86
154,154,Circle K,"16710 San Luis Pass Rd Jamaica Beach, TX 77554","{'latitude': 29.18137, 'longitude': -94.9762}","Circle K16710 San Luis Pass Rd Jamaica Beach, TX 77554","Circle K1927 61st Street, Galveston",86
155,155,1900 Storm Memorial,"4800 Seawall Blvd Galveston, TX 77551","{'latitude': 29.27442, 'longitude': -94.81448}","1900 Storm Memorial4800 Seawall Blvd Galveston, TX 77551","Yaga's Cafe2314 The Strand, Galveston",86
156,156,Lee and Joe Jamail Bay Park,"1600 61st St Galveston, TX 77551","{'latitude': 29.2827607, 'longitude': -94.8345254}","Lee and Joe Jamail Bay Park1600 61st St Galveston, TX 77551","Shrimp N Stuff3901 Avenue O, Galveston",86
157,157,Wright Cuney Park and Recreation Center,"718 41st Str Galveston, TX 77550","{'latitude': 29.29708, 'longitude': -94.81285}","Wright Cuney Park and Recreation Center718 41st Str Galveston, TX 77550","The Spot3204 Seawall Boulevard, Galveston",86
158,158,Dolphin World Inc No 2,"8910 Seawall Blvd Galveston, TX 77554","{'latitude': 29.25173, 'longitude': -94.85317}","Dolphin World Inc No 28910 Seawall Blvd Galveston, TX 77554","Shrimp N Stuff3901 Avenue O, Galveston",86
159,159,Circle K,"6902 Seawall Blvd Galveston, TX 77551","{'latitude': 29.26268, 'longitude': -94.83428}","Circle K6902 Seawall Blvd Galveston, TX 77551","Moody Gardens Hotel, Spa and Convention Center7 Hope Boulevard, Galveston",86
160,160,Jones Park,"2226 71st St Galveston, TX 77551","{'latitude': 29.2721904155014, 'longitude': -94.84080612743753}","Jones Park2226 71st St Galveston, TX 77551","Moody Gardens Hotel, Spa and Convention Center7 Hope Boulevard, Galveston",86
161,161,Britton's Bistro,"Seawolf Park Blvd Galveston, TX","{'latitude': 29.3131588001007, 'longitude': -94.8189222054326}","Britton's BistroSeawolf Park Blvd Galveston, TX","Moody Gardens Hotel, Spa and Convention Center7 Hope Boulevard, Galveston",86
162,162,The Wet Whistle,"21502 San Luis Pass Galveston, TX 77554","{'latitude': 29.141583, 'longitude': -95.040493}","The Wet Whistle21502 San Luis Pass Galveston, TX 77554","Yamato2104 61st Street, Galveston",86
163,163,Tortilleria La Bendicion De Dios,"914 37th St Galveston, TX 77550","{'latitude': 29.296402645258908, 'longitude': -94.80799190234238}","Tortilleria La Bendicion De Dios914 37th St Galveston, TX 77550","The Spot3204 Seawall Boulevard, Galveston",86
164,164,Circle K,"1927 61st St Galveston, TX 77551","{'latitude': 29.27912, 'longitude': -94.83326}","Circle K1927 61st St Galveston, TX 77551","Moody Gardens Hotel, Spa and Convention Center7 Hope Boulevard, Galveston",86
165,165,Captain's Landing,"200 Seawolf Pkwy TAMUG Galveston, TX 77554","{'latitude': 29.3159563866628, 'longitude': -94.8178551190202}","Captain's Landing200 Seawolf Pkwy TAMUG Galveston, TX 77554","Shrimp N Stuff3901 Avenue O, Galveston",86
166,166,The Shiver Shack,"League City, TX 77573","{'latitude': 29.50165, 'longitude': -95.05698}","The Shiver ShackLeague City, TX 77573","The Proletariat Gallery & Public House2221 Market Street #100, Galveston",86
167,167,Bar 43,"4302 Ave S Galveston, TX 77550","{'latitude': 29.2809684, 'longitude': -94.8108363}","Bar 434302 Ave S Galveston, TX 77550","Moody Gardens Hotel, Spa and Convention Center7 Hope Boulevard, Galveston",86
168,168,The King's Court,"528 Gulf Blvd Freeport, TX 77541","{'latitude': 28.966447, 'longitude': -95.364985}","The King's Court528 Gulf Blvd Freeport, TX 77541","Russo's New York Pizzeria & Italian Kitchen - Galveston500 Seawall Boulevard #300, Galveston",86
169,169,Lion's Bar-B-Q,"18309 Fm 529 Katy, TX 77449","{'latitude': 29.87516, 'longitude': -95.77061}","Lion's Bar-B-Q18309 Fm 529 Katy, TX 77449","Landry's Prime Seafood & Steaks5310 Seawall Boulevard, Galveston",86
328,497,Chevron Galveston,"601 Broadway Avenue J, Galveston","{'lat': 29.3045091, 'lng': -94.7731482}","Chevron Galveston601 Broadway Avenue J, Galveston","Chevron Galveston3902 Broadway Avenue J, Galveston",95
329,498,Circle K/Valero,"628 Broadway Avenue J, Galveston","{'lat': 29.30539089999999, 'lng': -94.7735891}","Circle K/Valero628 Broadway Avenue J, Galveston","Circle K628 Broadway Avenue J, Galveston",92
369,577,Moody State School,Galveston,"{'lat': 29.2819039, 'lng': -94.8665867}",Moody State SchoolGalveston,Moody SchoolGalveston,95
324,490,Shell,"5027 Broadway Avenue J, Galveston","{'lat': 29.2915092, 'lng': -94.8237905}","Shell5027 Broadway Avenue J, Galveston","Shell5815 Broadway Avenue J, Galveston",92
50,50,Tipsy Turtle Seaside Bar & Grill,"11745 Termini-San Luis Pass Rd Galveston, TX 77554","{'latitude': 29.227571, 'longitude': -94.896047}","Tipsy Turtle Seaside Bar & Grill11745 Termini-San Luis Pass Rd Galveston, TX 77554","Tipsy Turtle Seaside Bar & Grill11745 Termini-San Luis Pass Road, Galveston",92
