,name,place_id,address,coordinates,business_status,types,delivery,dine_in,takeout,price_level,rating,user_ratings_total,serves_breakfast,serves_brunch,serves_lunch,serves_dinner,serves_vegetarian_food,serves_beer,serves_wine,category,Name,business_hours,business_hours_text
0,Hilo International Airport,ChIJA_6Mr3hMUnkRf2xxZUX-my4,"2450 Kekuanaoa Street, Hilo","{'lat': 19.7188342, 'lng': -155.0416866}",OPERATIONAL,"['airport', 'point_of_interest', 'establishment']",,,,,4.4,819.0,,,,,,,,airport,Hilo International Airport,"[{'open': {'day': 0, 'time': '0000'}}]","['Monday: Open 24 hours', 'Tuesday: Open 24 hours', 'Wednesday: Open 24 hours', 'Thursday: Open 24 hours', 'Friday: Open 24 hours', 'Saturday: Open 24 hours', 'Sunday: Open 24 hours']"
1,Blue Hawaiian Helicopters,ChIJqx06aMK0U3kR6i4j-j9NX34,United States,"{'lat': 19.7150176, 'lng': -155.0434895}",OPERATIONAL,"['airport', 'travel_agency', 'tourist_attraction', 'point_of_interest', 'establishment']",,,,,4.4,320.0,,,,,,,,airport,Blue Hawaiian Helicopters,"[{'close': {'day': 0, 'time': '1900'}, 'open': {'day': 0, 'time': '0700'}}, {'close': {'day': 1, 'time': '1900'}, 'open': {'day': 1, 'time': '0700'}}, {'close': {'day': 2, 'time': '1900'}, 'open': {'day': 2, 'time': '0700'}}, {'close': {'day': 3, 'time': '1900'}, 'open': {'day': 3, 'time': '0700'}}, {'close': {'day': 4, 'time': '1900'}, 'open': {'day': 4, 'time': '0700'}}, {'close': {'day': 5, 'time': '1900'}, 'open': {'day': 5, 'time': '0700'}}, {'close': {'day': 6, 'time': '1900'}, 'open': {'day': 6, 'time': '0700'}}]","['Monday: 7:00\u202fAM\u2009–\u20097:00\u202fPM', 'Tuesday: 7:00\u202fAM\u2009–\u20097:00\u202fPM', 'Wednesday: 7:00\u202fAM\u2009–\u20097:00\u202fPM', 'Thursday: 7:00\u202fAM\u2009–\u20097:00\u202fPM', 'Friday: 7:00\u202fAM\u2009–\u20097:00\u202fPM', 'Saturday: 7:00\u202fAM\u2009–\u20097:00\u202fPM', 'Sunday: 7:00\u202fAM\u2009–\u20097:00\u202fPM']"
2,Hilo Medical Center Heliport,ChIJeQfmUem0U3kR8UKXpxmqQfY,"1190 Waianuenue Avenue, Hilo","{'lat': 19.7184778, 'lng': -155.1143653}",OPERATIONAL,"['airport', 'point_of_interest', 'establishment']",,,,,4.5,28.0,,,,,,,,airport,Hilo Medical Center Heliport,"[{'open': {'day': 0, 'time': '0000'}}]","['Monday: Open 24 hours', 'Tuesday: Open 24 hours', 'Wednesday: Open 24 hours', 'Thursday: Open 24 hours', 'Friday: Open 24 hours', 'Saturday: Open 24 hours', 'Sunday: Open 24 hours']"
3,ヒロ国際空港,ChIJnTPqSw9NUnkRfbssL0BYEho,Hilo,"{'lat': 19.7214152, 'lng': -155.0417123}",OPERATIONAL,"['airport', 'point_of_interest', 'establishment']",,,,,,,,,,,,,,airport,ヒロ国際空港,,
4,Hilo Medical Center,ChIJ6VYwrKS0U3kR9caoLq5TmrM,"1190 Waianuenue Avenue, Hilo","{'lat': 19.7182136, 'lng': -155.11293}",OPERATIONAL,"['hospital', 'health', 'point_of_interest', 'establishment']",,,,,3.3,127.0,,,,,,,,hospital,Hilo Medical Center,"[{'open': {'day': 0, 'time': '0000'}}]","['Monday: Open 24 hours', 'Tuesday: Open 24 hours', 'Wednesday: Open 24 hours', 'Thursday: Open 24 hours', 'Friday: Open 24 hours', 'Saturday: Open 24 hours', 'Sunday: Open 24 hours']"
5,Straub Medical Center - Hilo Clinic,ChIJq8gDaK20U3kRmgmmNJcMFOY,"75 Puuhonu Place, Hilo","{'lat': 19.7158175, 'lng': -155.0965672}",OPERATIONAL,"['doctor', 'hospital', 'health', 'point_of_interest', 'establishment']",,,,,,,,,,,,,,doctor,Straub Medical Center - Hilo Clinic,,
6,Hilo Vet Center,ChIJJ5YllERLUnkRJkBg8pWD_AU,"70 Lanihuli Street, Hilo","{'lat': 19.71148489999999, 'lng': -155.0791473}",OPERATIONAL,"['hospital', 'health', 'point_of_interest', 'establishment']",,,,,4.5,12.0,,,,,,,,hospital,Hilo Vet Center,,
7,Yukio Okutsu Veterans State Home,ChIJO6Uw36-0U3kRsbwJxd1khm4,"1180 Waianuenue Avenue, Hilo","{'lat': 19.7183653, 'lng': -155.111971}",OPERATIONAL,"['hospital', 'health', 'point_of_interest', 'establishment']",,,,,4.6,34.0,,,,,,,,hospital,Yukio Okutsu Veterans State Home,"[{'open': {'day': 0, 'time': '0000'}}]","['Monday: Open 24 hours', 'Tuesday: Open 24 hours', 'Wednesday: Open 24 hours', 'Thursday: Open 24 hours', 'Friday: Open 24 hours', 'Saturday: Open 24 hours', 'Sunday: Open 24 hours']"
8,VA Primary Care Clinic,ChIJAW7WXru0U3kRCzKKhYpa2Rs,"Kaumana Springs Wilderness, 1285 Waianuenue Avenue # 211, Hilo","{'lat': 19.7169153, 'lng': -155.1133522}",OPERATIONAL,"['hospital', 'health', 'point_of_interest', 'establishment']",,,,,2.6,8.0,,,,,,,,hospital,VA Primary Care Clinic,,
9,Ululani Medical Center,ChIJ8751VIJLUnkRsAmQTRG8rcM,"868 Ululani Street, Hilo","{'lat': 19.7166553, 'lng': -155.0858126}",OPERATIONAL,"['hospital', 'health', 'point_of_interest', 'establishment']",,,,,,,,,,,,,,hospital,Ululani Medical Center,,
10,KA WAENA LAPA'AU,ChIJ-z-Bx7K0U3kRRWmvYlstkEY,"670 Ponahawai Street, Hilo","{'lat': 19.7142178, 'lng': -155.0966888}",OPERATIONAL,"['hospital', 'health', 'point_of_interest', 'establishment']",,,,,5.0,1.0,,,,,,,,hospital,KA WAENA LAPA'AU,,
11,Women’s Health Specialists,ChIJD3EPPOy1U3kRAx8JygTC44U,"Punahele Professional Building, 82 Puuhonu Place STE 205, Hilo","{'lat': 19.7170747, 'lng': -155.0981942}",OPERATIONAL,"['hospital', 'health', 'point_of_interest', 'establishment']",,,,,3.5,2.0,,,,,,,,hospital,Women’s Health Specialists,,
12,Neurology Clinic,ChIJURK0n1e1U3kRF8iwW1C14Es,"1190 Waianuenue Avenue, Hilo","{'lat': 19.7178414, 'lng': -155.1128377}",OPERATIONAL,"['hospital', 'health', 'point_of_interest', 'establishment']",,,,,,,,,,,,,,hospital,Neurology Clinic,"[{'close': {'day': 1, 'time': '1630'}, 'open': {'day': 1, 'time': '0800'}}, {'close': {'day': 2, 'time': '1630'}, 'open': {'day': 2, 'time': '0800'}}, {'close': {'day': 3, 'time': '1630'}, 'open': {'day': 3, 'time': '0800'}}, {'close': {'day': 4, 'time': '1630'}, 'open': {'day': 4, 'time': '0800'}}, {'close': {'day': 5, 'time': '1630'}, 'open': {'day': 5, 'time': '0800'}}]","['Monday: 8:00\u202fAM\u2009–\u20094:30\u202fPM', 'Tuesday: 8:00\u202fAM\u2009–\u20094:30\u202fPM', 'Wednesday: 8:00\u202fAM\u2009–\u20094:30\u202fPM', 'Thursday: 8:00\u202fAM\u2009–\u20094:30\u202fPM', 'Friday: 8:00\u202fAM\u2009–\u20094:30\u202fPM', 'Saturday: Closed', 'Sunday: Closed']"
13,RYAN M MCKENZIE,ChIJq6pqsqS0U3kRWVj_gVbcDPU,"1190 Waianuenue Avenue, Hilo","{'lat': 19.7182454, 'lng': -155.1127462}",OPERATIONAL,"['doctor', 'hospital', 'health', 'point_of_interest', 'establishment']",,,,,,,,,,,,,,doctor,RYAN M MCKENZIE,,
14,Hilo Bay Medical Clinic,ChIJrTp2fDFNUnkR2xh-okQuN4g,"24 Pukihae Street, Hilo","{'lat': 19.7301366, 'lng': -155.0879458}",OPERATIONAL,"['hospital', 'health', 'point_of_interest', 'establishment']",,,,,,,,,,,,,,hospital,Hilo Bay Medical Clinic,,
15,Traditional Chinese Medical Clge,ChIJ0wV865tMUnkRSEp04tey_2U,"93 Banyan Drive, Hilo","{'lat': 19.7296375, 'lng': -155.0649243}",OPERATIONAL,"['hospital', 'health', 'point_of_interest', 'establishment']",,,,,,,,,,,,,,hospital,Traditional Chinese Medical Clge,,
16,Urgent Care,ChIJqZ8iz4Q1UnkR0epCtoYr2j8,"16-612 Old Volcano Road, Keaau","{'lat': 19.6200001, 'lng': -155.0422115}",OPERATIONAL,"['hospital', 'health', 'point_of_interest', 'establishment']",,,,,3.7,3.0,,,,,,,,hospital,Urgent Care,,
17,Longs Drugs,ChIJe_fLwBJLUnkRBKBCdStVahs,"111 Puainako Street, Hilo","{'lat': 19.697369, 'lng': -155.0633309}",OPERATIONAL,"['drugstore', 'liquor_store', 'convenience_store', 'clothing_store', 'health', 'store', 'food', 'point_of_interest', 'establishment']",,,,,3.3,30.0,,,,,,,,drugstore,Longs Drugs,"[{'close': {'day': 1, 'time': '0000'}, 'open': {'day': 0, 'time': '0700'}}, {'close': {'day': 2, 'time': '0000'}, 'open': {'day': 1, 'time': '0700'}}, {'close': {'day': 3, 'time': '0000'}, 'open': {'day': 2, 'time': '0700'}}, {'close': {'day': 4, 'time': '0000'}, 'open': {'day': 3, 'time': '0700'}}, {'close': {'day': 5, 'time': '0000'}, 'open': {'day': 4, 'time': '0700'}}, {'close': {'day': 6, 'time': '0000'}, 'open': {'day': 5, 'time': '0700'}}, {'close': {'day': 0, 'time': '0000'}, 'open': {'day': 6, 'time': '0700'}}]","['Monday: 7:00\u202fAM\u2009–\u200912:00\u202fAM', 'Tuesday: 7:00\u202fAM\u2009–\u200912:00\u202fAM', 'Wednesday: 7:00\u202fAM\u2009–\u200912:00\u202fAM', 'Thursday: 7:00\u202fAM\u2009–\u200912:00\u202fAM', 'Friday: 7:00\u202fAM\u2009–\u200912:00\u202fAM', 'Saturday: 7:00\u202fAM\u2009–\u200912:00\u202fAM', 'Sunday: 7:00\u202fAM\u2009–\u200912:00\u202fAM']"
18,Safeway Liquor,ChIJvbVgXW1LUnkRoGNyPH6iJWw,Hilo,"{'lat': 19.7006131, 'lng': -155.0608225}",OPERATIONAL,"['liquor_store', 'store', 'point_of_interest', 'establishment']",,,,2.0,4.4,5.0,,,,,,,,liquor_store,Safeway Liquor,,
19,Kadota Liquor,ChIJMdNVYVpLUnkReJkoqN3kyWE,"194 Hualalai Street, Hilo","{'lat': 19.7168287, 'lng': -155.0830818}",OPERATIONAL,"['liquor_store', 'store', 'point_of_interest', 'establishment']",,,,,4.6,319.0,,,,,,,,liquor_store,Kadota Liquor,"[{'close': {'day': 0, 'time': '2100'}, 'open': {'day': 0, 'time': '0800'}}, {'close': {'day': 1, 'time': '2100'}, 'open': {'day': 1, 'time': '0800'}}, {'close': {'day': 2, 'time': '2100'}, 'open': {'day': 2, 'time': '0800'}}, {'close': {'day': 3, 'time': '2100'}, 'open': {'day': 3, 'time': '0800'}}, {'close': {'day': 4, 'time': '2100'}, 'open': {'day': 4, 'time': '0800'}}, {'close': {'day': 5, 'time': '2200'}, 'open': {'day': 5, 'time': '0800'}}, {'close': {'day': 6, 'time': '2200'}, 'open': {'day': 6, 'time': '0800'}}]","['Monday: 8:00\u202fAM\u2009–\u20099:00\u202fPM', 'Tuesday: 8:00\u202fAM\u2009–\u20099:00\u202fPM', 'Wednesday: 8:00\u202fAM\u2009–\u20099:00\u202fPM', 'Thursday: 8:00\u202fAM\u2009–\u20099:00\u202fPM', 'Friday: 8:00\u202fAM\u2009–\u200910:00\u202fPM', 'Saturday: 8:00\u202fAM\u2009–\u200910:00\u202fPM', 'Sunday: 8:00\u202fAM\u2009–\u20099:00\u202fPM']"
20,Foodland Kea`au,ChIJ835fRIQ1UnkRtwsKqtJTWQw,"16-586 Old Volcano Road #102, Keaau","{'lat': 19.6218862, 'lng': -155.0409647}",OPERATIONAL,"['grocery_or_supermarket', 'liquor_store', 'supermarket', 'store', 'food', 'point_of_interest', 'establishment']",,,,,4.3,976.0,,,,,,,,grocery_or_supermarket,Foodland Kea`au,"[{'close': {'day': 0, 'time': '2100'}, 'open': {'day': 0, 'time': '0600'}}, {'close': {'day': 1, 'time': '2100'}, 'open': {'day': 1, 'time': '0600'}}, {'close': {'day': 2, 'time': '2100'}, 'open': {'day': 2, 'time': '0600'}}, {'close': {'day': 3, 'time': '2100'}, 'open': {'day': 3, 'time': '0600'}}, {'close': {'day': 4, 'time': '2100'}, 'open': {'day': 4, 'time': '0600'}}, {'close': {'day': 5, 'time': '2100'}, 'open': {'day': 5, 'time': '0600'}}, {'close': {'day': 6, 'time': '2100'}, 'open': {'day': 6, 'time': '0600'}}]","['Monday: 6:00\u202fAM\u2009–\u20099:00\u202fPM', 'Tuesday: 6:00\u202fAM\u2009–\u20099:00\u202fPM', 'Wednesday: 6:00\u202fAM\u2009–\u20099:00\u202fPM', 'Thursday: 6:00\u202fAM\u2009–\u20099:00\u202fPM', 'Friday: 6:00\u202fAM\u2009–\u20099:00\u202fPM', 'Saturday: 6:00\u202fAM\u2009–\u20099:00\u202fPM', 'Sunday: 6:00\u202fAM\u2009–\u20099:00\u202fPM']"
21,Ola Brew - Hilo,ChIJU12r4BtLUnkRw1JW9lZnXPE,"1177 Kilauea Avenue, Hilo","{'lat': 19.71167939999999, 'lng': -155.076727}",OPERATIONAL,"['liquor_store', 'bar', 'store', 'restaurant', 'food', 'point_of_interest', 'establishment']",,,,2.0,4.5,581.0,,,,,,,,liquor_store,Ola Brew - Hilo,"[{'close': {'day': 0, 'time': '2000'}, 'open': {'day': 0, 'time': '1130'}}, {'close': {'day': 1, 'time': '2200'}, 'open': {'day': 1, 'time': '1130'}}, {'close': {'day': 2, 'time': '2200'}, 'open': {'day': 2, 'time': '1130'}}, {'close': {'day': 3, 'time': '2200'}, 'open': {'day': 3, 'time': '1130'}}, {'close': {'day': 4, 'time': '2200'}, 'open': {'day': 4, 'time': '1130'}}, {'close': {'day': 5, 'time': '2300'}, 'open': {'day': 5, 'time': '1130'}}, {'close': {'day': 6, 'time': '2300'}, 'open': {'day': 6, 'time': '1130'}}]","['Monday: 11:30\u202fAM\u2009–\u200910:00\u202fPM', 'Tuesday: 11:30\u202fAM\u2009–\u200910:00\u202fPM', 'Wednesday: 11:30\u202fAM\u2009–\u200910:00\u202fPM', 'Thursday: 11:30\u202fAM\u2009–\u200910:00\u202fPM', 'Friday: 11:30\u202fAM\u2009–\u200911:00\u202fPM', 'Saturday: 11:30\u202fAM\u2009–\u200911:00\u202fPM', 'Sunday: 11:30\u202fAM\u2009–\u20098:00\u202fPM']"
22,Hilo Bottle Shop,ChIJj8WqXnVLUnkR0PaKm3yyZQ0,"340 Kilauea Avenue, Hilo","{'lat': 19.7206349, 'lng': -155.0836909}",OPERATIONAL,"['liquor_store', 'store', 'food', 'point_of_interest', 'establishment']",,,,,5.0,52.0,,,,,,,,liquor_store,Hilo Bottle Shop,"[{'close': {'day': 1, 'time': '1700'}, 'open': {'day': 1, 'time': '1130'}}, {'close': {'day': 2, 'time': '1900'}, 'open': {'day': 2, 'time': '1130'}}, {'close': {'day': 3, 'time': '1900'}, 'open': {'day': 3, 'time': '1130'}}, {'close': {'day': 4, 'time': '1900'}, 'open': {'day': 4, 'time': '1130'}}, {'close': {'day': 5, 'time': '1900'}, 'open': {'day': 5, 'time': '1130'}}, {'close': {'day': 6, 'time': '1900'}, 'open': {'day': 6, 'time': '1130'}}]","['Monday: 11:30\u202fAM\u2009–\u20095:00\u202fPM', 'Tuesday: 11:30\u202fAM\u2009–\u20097:00\u202fPM', 'Wednesday: 11:30\u202fAM\u2009–\u20097:00\u202fPM', 'Thursday: 11:30\u202fAM\u2009–\u20097:00\u202fPM', 'Friday: 11:30\u202fAM\u2009–\u20097:00\u202fPM', 'Saturday: 11:30\u202fAM\u2009–\u20097:00\u202fPM', 'Sunday: Closed']"
23,Keaukaha General Store,ChIJB12Cn4ZMUnkR9Nu3303DLys,"11 Silva Street, Hilo","{'lat': 19.727332, 'lng': -155.054004}",OPERATIONAL,"['convenience_store', 'liquor_store', 'cafe', 'store', 'food', 'point_of_interest', 'establishment']",,,,,4.7,37.0,,,,,,,,convenience_store,Keaukaha General Store,"[{'close': {'day': 0, 'time': '1700'}, 'open': {'day': 0, 'time': '0700'}}, {'close': {'day': 1, 'time': '1900'}, 'open': {'day': 1, 'time': '0630'}}, {'close': {'day': 2, 'time': '1900'}, 'open': {'day': 2, 'time': '0630'}}, {'close': {'day': 3, 'time': '1900'}, 'open': {'day': 3, 'time': '0630'}}, {'close': {'day': 4, 'time': '1900'}, 'open': {'day': 4, 'time': '0630'}}, {'close': {'day': 5, 'time': '1900'}, 'open': {'day': 5, 'time': '0630'}}, {'close': {'day': 6, 'time': '1900'}, 'open': {'day': 6, 'time': '0630'}}]","['Monday: 6:30\u202fAM\u2009–\u20097:00\u202fPM', 'Tuesday: 6:30\u202fAM\u2009–\u20097:00\u202fPM', 'Wednesday: 6:30\u202fAM\u2009–\u20097:00\u202fPM', 'Thursday: 6:30\u202fAM\u2009–\u20097:00\u202fPM', 'Friday: 6:30\u202fAM\u2009–\u20097:00\u202fPM', 'Saturday: 6:30\u202fAM\u2009–\u20097:00\u202fPM', 'Sunday: 7:00\u202fAM\u2009–\u20095:00\u202fPM']"
24,Longs Drugs,ChIJuWo1JDQ1UnkR_ztsZEgAXfc,"16-529 Keaau-Pahoa Road, Keaau","{'lat': 19.622927, 'lng': -155.0393881}",OPERATIONAL,"['drugstore', 'liquor_store', 'convenience_store', 'clothing_store', 'health', 'store', 'food', 'point_of_interest', 'establishment']",,,,,3.7,41.0,,,,,,,,drugstore,Longs Drugs,"[{'close': {'day': 0, 'time': '2300'}, 'open': {'day': 0, 'time': '0700'}}, {'close': {'day': 1, 'time': '2300'}, 'open': {'day': 1, 'time': '0700'}}, {'close': {'day': 2, 'time': '2300'}, 'open': {'day': 2, 'time': '0700'}}, {'close': {'day': 3, 'time': '2300'}, 'open': {'day': 3, 'time': '0700'}}, {'close': {'day': 4, 'time': '2300'}, 'open': {'day': 4, 'time': '0700'}}, {'close': {'day': 5, 'time': '2300'}, 'open': {'day': 5, 'time': '0700'}}, {'close': {'day': 6, 'time': '2300'}, 'open': {'day': 6, 'time': '0700'}}]","['Monday: 7:00\u202fAM\u2009–\u200911:00\u202fPM', 'Tuesday: 7:00\u202fAM\u2009–\u200911:00\u202fPM', 'Wednesday: 7:00\u202fAM\u2009–\u200911:00\u202fPM', 'Thursday: 7:00\u202fAM\u2009–\u200911:00\u202fPM', 'Friday: 7:00\u202fAM\u2009–\u200911:00\u202fPM', 'Saturday: 7:00\u202fAM\u2009–\u200911:00\u202fPM', 'Sunday: 7:00\u202fAM\u2009–\u200911:00\u202fPM']"
25,Francis Wong Stadium,ChIJaXuYzmBLUnkRo19iyTpbaj0,"Hoolulu Park, 323 Manono Street, Hilo","{'lat': 19.7181057, 'lng': -155.0677808}",OPERATIONAL,"['stadium', 'point_of_interest', 'establishment']",,,,,4.2,36.0,,,,,,,,stadium,Francis Wong Stadium,,
26,UHH Softball Field,ChIJb9p9A-1LUnkR2WvBj4vwupg,"430 West Kawili Street, Hilo","{'lat': 19.6955039, 'lng': -155.0824661}",CLOSED_TEMPORARILY,"['stadium', 'point_of_interest', 'establishment']",,,,,,,,,,,,,,stadium,UHH Softball Field,,
27,Ken Yamase Memorial Stadium,ChIJb-E15HtLUnkRlvEYRhOKIZI,"MWXG+94, Hilo","{'lat': 19.6984375, 'lng': -155.0746875}",OPERATIONAL,"['stadium', 'point_of_interest', 'establishment']",,,,,,,,,,,,,,stadium,Ken Yamase Memorial Stadium,,
28,Edith Kanakaole Multi-Purpose Stadium,ChIJBS0fWmFLUnkROvoIEbaoFCw,"350 Kalanikoa Street, Hilo","{'lat': 19.7175786, 'lng': -155.0661216}",OPERATIONAL,"['stadium', 'gym', 'health', 'point_of_interest', 'establishment']",,,,,4.5,40.0,,,,,,,,stadium,Edith Kanakaole Multi-Purpose Stadium,"[{'close': {'day': 1, 'time': '1515'}, 'open': {'day': 1, 'time': '0630'}}, {'close': {'day': 2, 'time': '1515'}, 'open': {'day': 2, 'time': '0630'}}, {'close': {'day': 3, 'time': '1515'}, 'open': {'day': 3, 'time': '0630'}}, {'close': {'day': 4, 'time': '1515'}, 'open': {'day': 4, 'time': '0630'}}, {'close': {'day': 5, 'time': '1515'}, 'open': {'day': 5, 'time': '0630'}}]","['Monday: 6:30\u202fAM\u2009–\u20093:15\u202fPM', 'Tuesday: 6:30\u202fAM\u2009–\u20093:15\u202fPM', 'Wednesday: 6:30\u202fAM\u2009–\u20093:15\u202fPM', 'Thursday: 6:30\u202fAM\u2009–\u20093:15\u202fPM', 'Friday: 6:30\u202fAM\u2009–\u20093:15\u202fPM', 'Saturday: Closed', 'Sunday: Closed']"
29,Walter Victor C K Baseball Complex,ChIJeQrPqmFLUnkRY-1w_joY-Ow,Hilo,"{'lat': 19.7201468, 'lng': -155.0687079}",,"['stadium', 'premise', 'point_of_interest', 'establishment']",,,,,,,,,,,,,,stadium,Walter Victor C K Baseball Complex,,
30,University of Hawaiʻi at Hilo,ChIJtXNoWjhLUnkRIzppYurNPPU,"200 West Kawili Street, Hilo","{'lat': 19.6999095, 'lng': -155.0853594}",OPERATIONAL,"['university', 'point_of_interest', 'establishment']",,,,,4.2,48.0,,,,,,,,university,University of Hawaiʻi at Hilo,"[{'close': {'day': 1, 'time': '1630'}, 'open': {'day': 1, 'time': '0800'}}, {'close': {'day': 2, 'time': '1630'}, 'open': {'day': 2, 'time': '0800'}}, {'close': {'day': 3, 'time': '1630'}, 'open': {'day': 3, 'time': '0800'}}, {'close': {'day': 4, 'time': '1630'}, 'open': {'day': 4, 'time': '0800'}}, {'close': {'day': 5, 'time': '1630'}, 'open': {'day': 5, 'time': '0800'}}]","['Monday: 8:00\u202fAM\u2009–\u20094:30\u202fPM', 'Tuesday: 8:00\u202fAM\u2009–\u20094:30\u202fPM', 'Wednesday: 8:00\u202fAM\u2009–\u20094:30\u202fPM', 'Thursday: 8:00\u202fAM\u2009–\u20094:30\u202fPM', 'Friday: 8:00\u202fAM\u2009–\u20094:30\u202fPM', 'Saturday: Closed', 'Sunday: Closed']"
31,Hawaiʻi Community College,ChIJh8OZXTpLUnkRPLyeACJhgrk,"1175 Manono Street, Hilo","{'lat': 19.7050194, 'lng': -155.0699525}",OPERATIONAL,"['school', 'university', 'point_of_interest', 'establishment']",,,,,4.3,25.0,,,,,,,,school,Hawaiʻi Community College,"[{'close': {'day': 1, 'time': '1630'}, 'open': {'day': 1, 'time': '0800'}}, {'close': {'day': 2, 'time': '1630'}, 'open': {'day': 2, 'time': '0800'}}, {'close': {'day': 3, 'time': '1630'}, 'open': {'day': 3, 'time': '0800'}}, {'close': {'day': 4, 'time': '1630'}, 'open': {'day': 4, 'time': '0800'}}, {'close': {'day': 5, 'time': '1630'}, 'open': {'day': 5, 'time': '0800'}}]","['Monday: 8:00\u202fAM\u2009–\u20094:30\u202fPM', 'Tuesday: 8:00\u202fAM\u2009–\u20094:30\u202fPM', 'Wednesday: 8:00\u202fAM\u2009–\u20094:30\u202fPM', 'Thursday: 8:00\u202fAM\u2009–\u20094:30\u202fPM', 'Friday: 8:00\u202fAM\u2009–\u20094:30\u202fPM', 'Saturday: Closed', 'Sunday: Closed']"
32,Institute For Astronomy,ChIJARW3_zVLUnkR6kIue0QZG0U,"640 North Aohoku Place #209, Hilo","{'lat': 19.7035407, 'lng': -155.0900986}",OPERATIONAL,"['university', 'point_of_interest', 'establishment']",,,,,5.0,1.0,,,,,,,,university,Institute For Astronomy,,
33,Hale Kehau,ChIJcSIJDjhLUnkR9dSOvRDbE2o,"603 West Lanikaula Street, Hilo","{'lat': 19.7017484, 'lng': -155.0827532}",OPERATIONAL,"['university', 'point_of_interest', 'establishment']",,,,,4.4,8.0,,,,,,,,university,Hale Kehau,,
34,UH Hilo Conference Center,ChIJTRWIzGtLUnkRL890rbA0Msk,"PB-8, 200 West Kawili Street, Hilo","{'lat': 19.70184609999999, 'lng': -155.0791607}",CLOSED_TEMPORARILY,"['university', 'point_of_interest', 'establishment']",,,,,,,,,,,,,,university,UH Hilo Conference Center,,
35,Hawaiian EDventure,ChIJFRPTvDhLUnkReQLhKGW81Jw,"200 West Kawili Street, Hilo","{'lat': 19.7012676, 'lng': -155.0792472}",OPERATIONAL,"['travel_agency', 'university', 'point_of_interest', 'establishment']",,,,,,,,,,,,,,travel_agency,Hawaiian EDventure,"[{'close': {'day': 1, 'time': '1630'}, 'open': {'day': 1, 'time': '0800'}}, {'close': {'day': 2, 'time': '1630'}, 'open': {'day': 2, 'time': '0800'}}, {'close': {'day': 3, 'time': '1630'}, 'open': {'day': 3, 'time': '0800'}}, {'close': {'day': 4, 'time': '1630'}, 'open': {'day': 4, 'time': '0800'}}, {'close': {'day': 5, 'time': '1630'}, 'open': {'day': 5, 'time': '0800'}}]","['Monday: 8:00\u202fAM\u2009–\u20094:30\u202fPM', 'Tuesday: 8:00\u202fAM\u2009–\u20094:30\u202fPM', 'Wednesday: 8:00\u202fAM\u2009–\u20094:30\u202fPM', 'Thursday: 8:00\u202fAM\u2009–\u20094:30\u202fPM', 'Friday: 8:00\u202fAM\u2009–\u20094:30\u202fPM', 'Saturday: Closed', 'Sunday: Closed']"
36,Healing Oasis,ChIJv9RvlFVLUnkRLf0bOG_ux2k,"351 Wailuku Drive, Hilo","{'lat': 19.7248628, 'lng': -155.0915752}",OPERATIONAL,"['university', 'store', 'health', 'point_of_interest', 'establishment']",,,,,5.0,1.0,,,,,,,,university,Healing Oasis,"[{'close': {'day': 1, 'time': '1700'}, 'open': {'day': 1, 'time': '0900'}}, {'close': {'day': 2, 'time': '1700'}, 'open': {'day': 2, 'time': '0900'}}, {'close': {'day': 3, 'time': '1700'}, 'open': {'day': 3, 'time': '0900'}}, {'close': {'day': 4, 'time': '1700'}, 'open': {'day': 4, 'time': '0900'}}, {'close': {'day': 5, 'time': '1700'}, 'open': {'day': 5, 'time': '0900'}}, {'close': {'day': 6, 'time': '1700'}, 'open': {'day': 6, 'time': '0900'}}]","['Monday: 9:00\u202fAM\u2009–\u20095:00\u202fPM', 'Tuesday: 9:00\u202fAM\u2009–\u20095:00\u202fPM', 'Wednesday: 9:00\u202fAM\u2009–\u20095:00\u202fPM', 'Thursday: 9:00\u202fAM\u2009–\u20095:00\u202fPM', 'Friday: 9:00\u202fAM\u2009–\u20095:00\u202fPM', 'Saturday: 9:00\u202fAM\u2009–\u20095:00\u202fPM', 'Sunday: Closed']"
37,Agricultural Research Stations,ChIJ73y48JVKUnkRYMqVsclnwk4,"924 Stainback Highway, Hilo","{'lat': 19.6336145, 'lng': -155.0891018}",OPERATIONAL,"['university', 'point_of_interest', 'establishment']",,,,,1.0,1.0,,,,,,,,university,Agricultural Research Stations,,
38,Intensive English Program,ChIJdQVCW2pLUnkR_UJ0K3Np8bI,"1175 Manono Street, Hilo","{'lat': 19.70399919999999, 'lng': -155.0701242}",OPERATIONAL,"['university', 'point_of_interest', 'establishment']",,,,,,,,,,,,,,university,Intensive English Program,,
39,4-H Youth Development Program,ChIJT-p_0jNLUnkR6pz-E1j8ACU,"875 Komohana Street, Hilo","{'lat': 19.6962318, 'lng': -155.0899181}",OPERATIONAL,"['university', 'point_of_interest', 'establishment']",,,,,,,,,,,,,,university,4-H Youth Development Program,,
40,College of Agri Forestry,ChIJh8OZXTpLUnkR0I8JjdivsiQ,"200 West Kawili Street, Hilo","{'lat': 19.699998, 'lng': -155.0822389}",OPERATIONAL,"['university', 'point_of_interest', 'establishment']",,,,,,,,,,,,,,university,College of Agri Forestry,,
41,School of Nursing,ChIJiakuVSNLUnkRt8Rp9S8rJkk,"200 West Kawili Street Room 243, Hilo","{'lat': 19.6996198, 'lng': -155.0815133}",OPERATIONAL,"['university', 'point_of_interest', 'establishment']",,,,,,,,,,,,,,university,School of Nursing,"[{'close': {'day': 1, 'time': '1645'}, 'open': {'day': 1, 'time': '0745'}}, {'close': {'day': 2, 'time': '1645'}, 'open': {'day': 2, 'time': '0745'}}, {'close': {'day': 3, 'time': '1645'}, 'open': {'day': 3, 'time': '0745'}}, {'close': {'day': 4, 'time': '1645'}, 'open': {'day': 4, 'time': '0745'}}, {'close': {'day': 5, 'time': '1645'}, 'open': {'day': 5, 'time': '0745'}}]","['Monday: 7:45\u202fAM\u2009–\u20094:45\u202fPM', 'Tuesday: 7:45\u202fAM\u2009–\u20094:45\u202fPM', 'Wednesday: 7:45\u202fAM\u2009–\u20094:45\u202fPM', 'Thursday: 7:45\u202fAM\u2009–\u20094:45\u202fPM', 'Friday: 7:45\u202fAM\u2009–\u20094:45\u202fPM', 'Saturday: Closed', 'Sunday: Closed']"
42,Classroom Building,ChIJ4ZLPxb9LUnkRm25PRpUSQyM,Hilo,"{'lat': 19.6996674, 'lng': -155.0812375}",OPERATIONAL,"['university', 'point_of_interest', 'establishment']",,,,,,,,,,,,,,university,Classroom Building,,
43,School of Education,ChIJKXnb-SVLUnkRR_EWDAY78qs,"UCB, 200 West Kawili Street Room 313, Hilo","{'lat': 19.6999834, 'lng': -155.0813294}",OPERATIONAL,"['university', 'point_of_interest', 'establishment']",,,,,,,,,,,,,,university,School of Education,"[{'close': {'day': 1, 'time': '1645'}, 'open': {'day': 1, 'time': '0745'}}, {'close': {'day': 2, 'time': '1645'}, 'open': {'day': 2, 'time': '0745'}}, {'close': {'day': 3, 'time': '1645'}, 'open': {'day': 3, 'time': '0745'}}, {'close': {'day': 4, 'time': '1645'}, 'open': {'day': 4, 'time': '0745'}}, {'close': {'day': 5, 'time': '1645'}, 'open': {'day': 5, 'time': '0745'}}]","['Monday: 7:45\u202fAM\u2009–\u20094:45\u202fPM', 'Tuesday: 7:45\u202fAM\u2009–\u20094:45\u202fPM', 'Wednesday: 7:45\u202fAM\u2009–\u20094:45\u202fPM', 'Thursday: 7:45\u202fAM\u2009–\u20094:45\u202fPM', 'Friday: 7:45\u202fAM\u2009–\u20094:45\u202fPM', 'Saturday: Closed', 'Sunday: Closed']"
44,"UH Hilo College Of Agriculture, Forestry, And Natural Resource Management",ChIJbZfjNjhLUnkRIJMGp2I9R2g,"113 Nowelo Street, Hilo","{'lat': 19.7002051, 'lng': -155.0826752}",OPERATIONAL,"['university', 'point_of_interest', 'establishment']",,,,,5.0,1.0,,,,,,,,university,"UH Hilo College Of Agriculture, Forestry, And Natural Resource Management",,
45,Campus Center,ChIJi0Zac3xLUnkRQOdQopdWYZs,Hilo,"{'lat': 19.70032119999999, 'lng': -155.0807044}",OPERATIONAL,"['university', 'point_of_interest', 'establishment']",,,,,,,,,,,,,,university,Campus Center,,
46,UH Hilo Cashier’s Office,ChIJbfVmOwRLUnkRyVkn0N6XR1U,"200 West Kawili Street Room W-101, Hilo","{'lat': 19.70070519999999, 'lng': -155.0799887}",OPERATIONAL,"['university', 'point_of_interest', 'establishment']",,,,,,,,,,,,,,university,UH Hilo Cashier’s Office,"[{'close': {'day': 1, 'time': '1600'}, 'open': {'day': 1, 'time': '0800'}}, {'close': {'day': 2, 'time': '1600'}, 'open': {'day': 2, 'time': '0800'}}, {'close': {'day': 3, 'time': '1600'}, 'open': {'day': 3, 'time': '0800'}}, {'close': {'day': 4, 'time': '1600'}, 'open': {'day': 4, 'time': '0800'}}, {'close': {'day': 5, 'time': '1600'}, 'open': {'day': 5, 'time': '0800'}}]","['Monday: 8:00\u202fAM\u2009–\u20094:00\u202fPM', 'Tuesday: 8:00\u202fAM\u2009–\u20094:00\u202fPM', 'Wednesday: 8:00\u202fAM\u2009–\u20094:00\u202fPM', 'Thursday: 8:00\u202fAM\u2009–\u20094:00\u202fPM', 'Friday: 8:00\u202fAM\u2009–\u20094:00\u202fPM', 'Saturday: Closed', 'Sunday: Closed']"
47,College of Business and Economics (CoBE),ChIJDZyo1gNLUnkRdLf00jmbfu0,"Student Services Building 338, Hilo","{'lat': 19.7011738, 'lng': -155.0801149}",OPERATIONAL,"['university', 'point_of_interest', 'establishment']",,,,,,,,,,,,,,university,College of Business and Economics (CoBE),"[{'close': {'day': 1, 'time': '1630'}, 'open': {'day': 1, 'time': '0800'}}, {'close': {'day': 2, 'time': '1630'}, 'open': {'day': 2, 'time': '0800'}}, {'close': {'day': 3, 'time': '1630'}, 'open': {'day': 3, 'time': '0800'}}, {'close': {'day': 4, 'time': '1630'}, 'open': {'day': 4, 'time': '0800'}}, {'close': {'day': 5, 'time': '1630'}, 'open': {'day': 5, 'time': '0800'}}]","['Monday: 8:00\u202fAM\u2009–\u20094:30\u202fPM', 'Tuesday: 8:00\u202fAM\u2009–\u20094:30\u202fPM', 'Wednesday: 8:00\u202fAM\u2009–\u20094:30\u202fPM', 'Thursday: 8:00\u202fAM\u2009–\u20094:30\u202fPM', 'Friday: 8:00\u202fAM\u2009–\u20094:30\u202fPM', 'Saturday: Closed', 'Sunday: Closed']"
48,Daniel K. Inouye College of Pharmacy,ChIJVTRUUTFLUnkR5lgnWA6b-Yk,"722 South Aohoku Place, Hilo","{'lat': 19.69923379999999, 'lng': -155.0903547}",OPERATIONAL,"['university', 'point_of_interest', 'establishment']",,,,,5.0,1.0,,,,,,,,university,Daniel K. Inouye College of Pharmacy,,
49,Hawaii Community College Learning Center,ChIJQ_D4jphLUnkR43hoMGT5Dxo,"200 W Kawili St., Mookini Library (LIB), Room 126A, Hilo","{'lat': 19.7014408, 'lng': -155.0806014}",OPERATIONAL,"['university', 'point_of_interest', 'establishment']",,,,,,,,,,,,,,university,Hawaii Community College Learning Center,"[{'close': {'day': 1, 'time': '1615'}, 'open': {'day': 1, 'time': '0800'}}, {'close': {'day': 2, 'time': '1615'}, 'open': {'day': 2, 'time': '0800'}}, {'close': {'day': 3, 'time': '1615'}, 'open': {'day': 3, 'time': '0800'}}, {'close': {'day': 4, 'time': '1615'}, 'open': {'day': 4, 'time': '0800'}}, {'close': {'day': 5, 'time': '1615'}, 'open': {'day': 5, 'time': '0800'}}]","['Monday: 8:00\u202fAM\u2009–\u20094:15\u202fPM', 'Tuesday: 8:00\u202fAM\u2009–\u20094:15\u202fPM', 'Wednesday: 8:00\u202fAM\u2009–\u20094:15\u202fPM', 'Thursday: 8:00\u202fAM\u2009–\u20094:15\u202fPM', 'Friday: 8:00\u202fAM\u2009–\u20094:15\u202fPM', 'Saturday: Closed', 'Sunday: Closed']"
50,Panaewa Rainforest Zoo and Gardens,ChIJ9xnaS75KUnkRYnwatW_VJ3s,"800 Stainback Highway, Hilo","{'lat': 19.6552065, 'lng': -155.0749077}",OPERATIONAL,"['zoo', 'tourist_attraction', 'point_of_interest', 'establishment']",,,,,4.6,2076.0,,,,,,,,zoo,Panaewa Rainforest Zoo and Gardens,"[{'close': {'day': 0, 'time': '1600'}, 'open': {'day': 0, 'time': '1000'}}, {'close': {'day': 1, 'time': '1600'}, 'open': {'day': 1, 'time': '1000'}}, {'close': {'day': 2, 'time': '1600'}, 'open': {'day': 2, 'time': '1000'}}, {'close': {'day': 3, 'time': '1600'}, 'open': {'day': 3, 'time': '1000'}}, {'close': {'day': 4, 'time': '1600'}, 'open': {'day': 4, 'time': '1000'}}, {'close': {'day': 5, 'time': '1600'}, 'open': {'day': 5, 'time': '1000'}}, {'close': {'day': 6, 'time': '1600'}, 'open': {'day': 6, 'time': '1000'}}]","['Monday: 10:00\u202fAM\u2009–\u20094:00\u202fPM', 'Tuesday: 10:00\u202fAM\u2009–\u20094:00\u202fPM', 'Wednesday: 10:00\u202fAM\u2009–\u20094:00\u202fPM', 'Thursday: 10:00\u202fAM\u2009–\u20094:00\u202fPM', 'Friday: 10:00\u202fAM\u2009–\u20094:00\u202fPM', 'Saturday: 10:00\u202fAM\u2009–\u20094:00\u202fPM', 'Sunday: 10:00\u202fAM\u2009–\u20094:00\u202fPM']"
51,Palace Theater,ChIJgx__0VdLUnkRRBvvzJ-LZ_A,"38 Haili Street, Hilo","{'lat': 19.7243998, 'lng': -155.0864394}",OPERATIONAL,"['movie_theater', 'point_of_interest', 'establishment']",,,,,4.7,216.0,,,,,,,,movie_theater,Palace Theater,"[{'close': {'day': 1, 'time': '1500'}, 'open': {'day': 1, 'time': '1000'}}, {'close': {'day': 2, 'time': '1500'}, 'open': {'day': 2, 'time': '1000'}}, {'close': {'day': 3, 'time': '1500'}, 'open': {'day': 3, 'time': '1000'}}, {'close': {'day': 4, 'time': '1500'}, 'open': {'day': 4, 'time': '1000'}}, {'close': {'day': 5, 'time': '1500'}, 'open': {'day': 5, 'time': '1000'}}]","['Monday: 10:00\u202fAM\u2009–\u20093:00\u202fPM', 'Tuesday: 10:00\u202fAM\u2009–\u20093:00\u202fPM', 'Wednesday: 10:00\u202fAM\u2009–\u20093:00\u202fPM', 'Thursday: 10:00\u202fAM\u2009–\u20093:00\u202fPM', 'Friday: 10:00\u202fAM\u2009–\u20093:00\u202fPM', 'Saturday: Closed', 'Sunday: Closed']"
52,Regal Prince Kuhio,ChIJO-d0KqhMUnkR2TSS9Wh93js,"111 East Puainako Street, Hilo","{'lat': 19.697813, 'lng': -155.06349}",OPERATIONAL,"['movie_theater', 'point_of_interest', 'establishment']",,,,,4.1,636.0,,,,,,,,movie_theater,Regal Prince Kuhio,"[{'close': {'day': 0, 'time': '2330'}, 'open': {'day': 0, 'time': '1100'}}, {'close': {'day': 1, 'time': '2330'}, 'open': {'day': 1, 'time': '1100'}}, {'close': {'day': 2, 'time': '2330'}, 'open': {'day': 2, 'time': '1100'}}, {'close': {'day': 3, 'time': '2330'}, 'open': {'day': 3, 'time': '1100'}}, {'close': {'day': 4, 'time': '2330'}, 'open': {'day': 4, 'time': '1100'}}, {'close': {'day': 5, 'time': '2330'}, 'open': {'day': 5, 'time': '1100'}}, {'close': {'day': 6, 'time': '2330'}, 'open': {'day': 6, 'time': '1100'}}]","['Monday: 11:00\u202fAM\u2009–\u200911:30\u202fPM', 'Tuesday: 11:00\u202fAM\u2009–\u200911:30\u202fPM', 'Wednesday: 11:00\u202fAM\u2009–\u200911:30\u202fPM', 'Thursday: 11:00\u202fAM\u2009–\u200911:30\u202fPM', 'Friday: 11:00\u202fAM\u2009–\u200911:30\u202fPM', 'Saturday: 11:00\u202fAM\u2009–\u200911:30\u202fPM', 'Sunday: 11:00\u202fAM\u2009–\u200911:30\u202fPM']"
53,Ernest Bowen de Silva Elementary School,ChIJIWFI2760U3kRyq16uplMdd8,"278 Ainako Avenue, Hilo","{'lat': 19.71058859999999, 'lng': -155.1146087}",OPERATIONAL,"['primary_school', 'school', 'point_of_interest', 'establishment']",,,,,4.4,7.0,,,,,,,,primary_school,Ernest Bowen de Silva Elementary School,,
54,Kamehameha Elementary School,ChIJ9zsVsAw1UnkRZSD_A_0QYdg,"16-714 Volcano Road, Keaau","{'lat': 19.6089443, 'lng': -155.0551348}",OPERATIONAL,"['primary_school', 'secondary_school', 'school', 'point_of_interest', 'establishment']",,,,,,,,,,,,,,primary_school,Kamehameha Elementary School,,
55,Hilo Union School,ChIJZSNFWVVLUnkRluOepRpn2qg,"506 Waianuenue Avenue, Hilo","{'lat': 19.723041, 'lng': -155.0916366}",OPERATIONAL,"['primary_school', 'school', 'point_of_interest', 'establishment']",,,,,3.3,4.0,,,,,,,,primary_school,Hilo Union School,,
56,Waiākeawaena Elementary School,ChIJe2ImzR5LUnkRM6dBpGgoQ18,"2420 Kilauea Avenue, Hilo","{'lat': 19.68317559999999, 'lng': -155.0681748}",OPERATIONAL,"['primary_school', 'school', 'point_of_interest', 'establishment']",,,,,3.8,4.0,,,,,,,,primary_school,Waiākeawaena Elementary School,"[{'close': {'day': 1, 'time': '1415'}, 'open': {'day': 1, 'time': '0715'}}, {'close': {'day': 2, 'time': '1415'}, 'open': {'day': 2, 'time': '0715'}}, {'close': {'day': 3, 'time': '1315'}, 'open': {'day': 3, 'time': '0715'}}, {'close': {'day': 4, 'time': '1415'}, 'open': {'day': 4, 'time': '0715'}}, {'close': {'day': 5, 'time': '1415'}, 'open': {'day': 5, 'time': '0715'}}]","['Monday: 7:15\u202fAM\u2009–\u20092:15\u202fPM', 'Tuesday: 7:15\u202fAM\u2009–\u20092:15\u202fPM', 'Wednesday: 7:15\u202fAM\u2009–\u20091:15\u202fPM', 'Thursday: 7:15\u202fAM\u2009–\u20092:15\u202fPM', 'Friday: 7:15\u202fAM\u2009–\u20092:15\u202fPM', 'Saturday: Closed', 'Sunday: Closed']"
57,St. Joseph Elementary School,ChIJDWXQUUVLUnkR9hcVwEgJug8,"999 Ululani Street, Hilo","{'lat': 19.7147358, 'lng': -155.0835238}",OPERATIONAL,"['primary_school', 'school', 'point_of_interest', 'establishment']",,,,,4.5,2.0,,,,,,,,primary_school,St. Joseph Elementary School,,
58,Kamehameha Schools Hawaiʻi Campus,ChIJ9zsVsAw1UnkR-gERoSV_TRk,"16-714 Volcano Road, Keaau","{'lat': 19.6091887, 'lng': -155.0547051}",OPERATIONAL,"['secondary_school', 'primary_school', 'school', 'point_of_interest', 'establishment']",,,,,4.7,23.0,,,,,,,,secondary_school,Kamehameha Schools Hawaiʻi Campus,,
59,Kaumana Elementary School,ChIJ34vYQgK1U3kRteCWQPBn9JE,"1710 Kaumana Drive, Hilo","{'lat': 19.6865574, 'lng': -155.1351105}",OPERATIONAL,"['primary_school', 'school', 'point_of_interest', 'establishment']",,,,,5.0,2.0,,,,,,,,primary_school,Kaumana Elementary School,,
60,Connections Public Charter School,ChIJO-d0KqhMUnkRVEW4GQWy1Ss,"174 Kamehameha Avenue, Hilo","{'lat': 19.7253763, 'lng': -155.0862744}",OPERATIONAL,"['secondary_school', 'primary_school', 'school', 'point_of_interest', 'establishment']",,,,,5.0,1.0,,,,,,,,secondary_school,Connections Public Charter School,"[{'close': {'day': 1, 'time': '1430'}, 'open': {'day': 1, 'time': '0815'}}, {'close': {'day': 2, 'time': '1430'}, 'open': {'day': 2, 'time': '0815'}}, {'close': {'day': 3, 'time': '1430'}, 'open': {'day': 3, 'time': '0815'}}, {'close': {'day': 4, 'time': '1430'}, 'open': {'day': 4, 'time': '0815'}}, {'close': {'day': 5, 'time': '1330'}, 'open': {'day': 5, 'time': '0815'}}]","['Monday: 8:15\u202fAM\u2009–\u20092:30\u202fPM', 'Tuesday: 8:15\u202fAM\u2009–\u20092:30\u202fPM', 'Wednesday: 8:15\u202fAM\u2009–\u20092:30\u202fPM', 'Thursday: 8:15\u202fAM\u2009–\u20092:30\u202fPM', 'Friday: 8:15\u202fAM\u2009–\u20091:30\u202fPM', 'Saturday: Closed', 'Sunday: Closed']"
61,Waiakea Elementary School,ChIJt3LudzxLUnkRLHN5GGvR-Ck,"180 West Puainako Street, Hilo","{'lat': 19.69493869999999, 'lng': -155.0746393}",OPERATIONAL,"['primary_school', 'school', 'point_of_interest', 'establishment']",,,,,3.1,7.0,,,,,,,,primary_school,Waiakea Elementary School,,
62,Keaukaha Elementary School,ChIJQ5KD5HxMUnkRQlBfjhe8UCY,"240 Desha Avenue, Hilo","{'lat': 19.7284252, 'lng': -155.0450368}",OPERATIONAL,"['primary_school', 'school', 'point_of_interest', 'establishment']",,,,,5.0,5.0,,,,,,,,primary_school,Keaukaha Elementary School,,
63,Chiefess Kapiʻolani Elementary School,ChIJd_KDUFpLUnkREFhv0JFXT9k,"966 Kilauea Avenue, Hilo","{'lat': 19.7138994, 'lng': -155.0783015}",OPERATIONAL,"['primary_school', 'school', 'point_of_interest', 'establishment']",,,,,4.2,6.0,,,,,,,,primary_school,Chiefess Kapiʻolani Elementary School,,
64,E'Makaala School,ChIJZb3NvEdLUnkR-fE3MwoH29Y,"440 West Lanikaula Street, Hilo","{'lat': 19.7037609, 'lng': -155.0813035}",OPERATIONAL,"['primary_school', 'school', 'point_of_interest', 'establishment']",,,,,5.0,2.0,,,,,,,,primary_school,E'Makaala School,"[{'close': {'day': 1, 'time': '1700'}, 'open': {'day': 1, 'time': '0730'}}, {'close': {'day': 2, 'time': '1700'}, 'open': {'day': 2, 'time': '0730'}}, {'close': {'day': 3, 'time': '1700'}, 'open': {'day': 3, 'time': '0730'}}, {'close': {'day': 4, 'time': '1700'}, 'open': {'day': 4, 'time': '0730'}}, {'close': {'day': 5, 'time': '1700'}, 'open': {'day': 5, 'time': '0730'}}]","['Monday: 7:30\u202fAM\u2009–\u20095:00\u202fPM', 'Tuesday: 7:30\u202fAM\u2009–\u20095:00\u202fPM', 'Wednesday: 7:30\u202fAM\u2009–\u20095:00\u202fPM', 'Thursday: 7:30\u202fAM\u2009–\u20095:00\u202fPM', 'Friday: 7:30\u202fAM\u2009–\u20095:00\u202fPM', 'Saturday: Closed', 'Sunday: Closed']"
65,Maunaloa Elementary School,ChIJm6FlRVRLUnkRgfJxed5iV9E,Hilo,"{'lat': 19.7224911, 'lng': -155.0919325}",CLOSED_TEMPORARILY,"['primary_school', 'school', 'point_of_interest', 'establishment']",,,,,,,,,,,,,,primary_school,Maunaloa Elementary School,,
66,Haʻaheo Elementary School,ChIJox_HWbRMUnkRXK7kHsTKtjY,"121 Haaheo Road, Hilo","{'lat': 19.7444527, 'lng': -155.0931197}",OPERATIONAL,"['primary_school', 'school', 'point_of_interest', 'establishment']",,,,,3.0,2.0,,,,,,,,primary_school,Haʻaheo Elementary School,,
67,Waiakea High School,ChIJX-4S7z5LUnkRsjRUNB7HtBw,"155 West Kawili Street, Hilo","{'lat': 19.6984361, 'lng': -155.0771012}",OPERATIONAL,"['secondary_school', 'school', 'point_of_interest', 'establishment']",,,,,3.9,9.0,,,,,,,,secondary_school,Waiakea High School,,
68,Hilo High School,ChIJqQAur6y0U3kRgFPxaUq1sfU,"556 Waianuenue Avenue, Hilo","{'lat': 19.7214234, 'lng': -155.0964414}",OPERATIONAL,"['secondary_school', 'school', 'point_of_interest', 'establishment']",,,,,3.9,10.0,,,,,,,,secondary_school,Hilo High School,"[{'close': {'day': 1, 'time': '1630'}, 'open': {'day': 1, 'time': '0745'}}, {'close': {'day': 2, 'time': '1630'}, 'open': {'day': 2, 'time': '0745'}}, {'close': {'day': 3, 'time': '1630'}, 'open': {'day': 3, 'time': '0745'}}, {'close': {'day': 4, 'time': '1630'}, 'open': {'day': 4, 'time': '0745'}}, {'close': {'day': 5, 'time': '1630'}, 'open': {'day': 5, 'time': '0745'}}]","['Monday: 7:45\u202fAM\u2009–\u20094:30\u202fPM', 'Tuesday: 7:45\u202fAM\u2009–\u20094:30\u202fPM', 'Wednesday: 7:45\u202fAM\u2009–\u20094:30\u202fPM', 'Thursday: 7:45\u202fAM\u2009–\u20094:30\u202fPM', 'Friday: 7:45\u202fAM\u2009–\u20094:30\u202fPM', 'Saturday: Closed', 'Sunday: Closed']"
69,Hilo Intermediate School,ChIJfbessqy0U3kRlbZqGL_Jn5E,"587 Waianuenue Avenue, Hilo","{'lat': 19.7201922, 'lng': -155.0958402}",OPERATIONAL,"['school', 'point_of_interest', 'establishment']",,,,,5.0,1.0,,,,,,,,school,Hilo Intermediate School,,
70,Pahoa Preschool,ChIJza4uGFxLUnkR8nh67daQHcM,"101 Aupuni Street # 227, Hilo","{'lat': 19.7174753, 'lng': -155.0765877}",CLOSED_TEMPORARILY,"['school', 'point_of_interest', 'establishment']",,,,,,,,,,,,,,school,Pahoa Preschool,,
71,JUMPSTART PRESCHOOL,ChIJCY_F5qtMUnkRHFYKGiLi58I,"317 Lehua Street, Hilo","{'lat': 19.7301202, 'lng': -155.0903387}",OPERATIONAL,"['school', 'point_of_interest', 'establishment']",,,,,5.0,2.0,,,,,,,,school,JUMPSTART PRESCHOOL,"[{'close': {'day': 1, 'time': '1700'}, 'open': {'day': 1, 'time': '0700'}}, {'close': {'day': 2, 'time': '1700'}, 'open': {'day': 2, 'time': '0700'}}, {'close': {'day': 3, 'time': '1700'}, 'open': {'day': 3, 'time': '0700'}}, {'close': {'day': 4, 'time': '1700'}, 'open': {'day': 4, 'time': '0700'}}, {'close': {'day': 5, 'time': '1700'}, 'open': {'day': 5, 'time': '0700'}}]","['Monday: 7:00\u202fAM\u2009–\u20095:00\u202fPM', 'Tuesday: 7:00\u202fAM\u2009–\u20095:00\u202fPM', 'Wednesday: 7:00\u202fAM\u2009–\u20095:00\u202fPM', 'Thursday: 7:00\u202fAM\u2009–\u20095:00\u202fPM', 'Friday: 7:00\u202fAM\u2009–\u20095:00\u202fPM', 'Saturday: Closed', 'Sunday: Closed']"
72,Guitar Lesson With The Creative Guitar,ChIJswGhhldLUnkRmkHZDcPm0gI,"56 Ponahawai Street, Hilo","{'lat': 19.72259799999999, 'lng': -155.0842948}",OPERATIONAL,"['electronics_store', 'school', 'home_goods_store', 'store', 'point_of_interest', 'establishment']",,,,,5.0,1.0,,,,,,,,electronics_store,Guitar Lesson With The Creative Guitar,"[{'close': {'day': 2, 'time': '1900'}, 'open': {'day': 2, 'time': '1000'}}, {'close': {'day': 3, 'time': '1900'}, 'open': {'day': 3, 'time': '1000'}}, {'close': {'day': 4, 'time': '1900'}, 'open': {'day': 4, 'time': '1000'}}, {'close': {'day': 5, 'time': '1900'}, 'open': {'day': 5, 'time': '1000'}}, {'close': {'day': 6, 'time': '1900'}, 'open': {'day': 6, 'time': '1000'}}]","['Monday: Closed', 'Tuesday: 10:00\u202fAM\u2009–\u20097:00\u202fPM', 'Wednesday: 10:00\u202fAM\u2009–\u20097:00\u202fPM', 'Thursday: 10:00\u202fAM\u2009–\u20097:00\u202fPM', 'Friday: 10:00\u202fAM\u2009–\u20097:00\u202fPM', 'Saturday: 10:00\u202fAM\u2009–\u20097:00\u202fPM', 'Sunday: Closed']"
73,Kua O Ka Lā,ChIJHTaVVuIwUnkR4siCP_RuthI,"345 Makalika Street, Hilo","{'lat': 19.6721161, 'lng': -155.0554324}",OPERATIONAL,"['school', 'point_of_interest', 'establishment']",,,,,2.8,6.0,,,,,,,,school,Kua O Ka Lā,,
74,Big Island Sports Academy,ChIJN9cx5W5LUnkRxO95rDk3Jd4,"761 Kanoelehua Avenue # 3, Hilo","{'lat': 19.7074879, 'lng': -155.0637942}",OPERATIONAL,"['school', 'point_of_interest', 'establishment']",,,,,4.0,1.0,,,,,,,,school,Big Island Sports Academy,,
75,Department of Education,ChIJq49ilVRLUnkR7VvwOhQz9jE,"480 Waianuenue Avenue, Hilo","{'lat': 19.7230912, 'lng': -155.0929732}",OPERATIONAL,"['school', 'point_of_interest', 'establishment']",,,,,,,,,,,,,,school,Department of Education,,
76,DKICP Pharmacy School,ChIJN9yQmzZLUnkRYxnWCAcOBkk,"North Aohoku Place, Hilo","{'lat': 19.6980704, 'lng': -155.0893028}",OPERATIONAL,"['school', 'point_of_interest', 'establishment']",,,,,,,,,,,,,,school,DKICP Pharmacy School,,
77,Prometric Satellite Center,ChIJdQVCW2pLUnkRGJSkgLWvTs4,"1175 Manono Street Bldg 380 Rm 39, Hilo","{'lat': 19.704053, 'lng': -155.0699263}",OPERATIONAL,"['school', 'point_of_interest', 'establishment']",,,,,,,,,,,,,,school,Prometric Satellite Center,,
78,Big Island Guitars and Music Supply,ChIJJ_mbeFtLUnkRPEG55ZBo0jM,"1221 Kilauea Avenue #10, Hilo","{'lat': 19.710869, 'lng': -155.075866}",OPERATIONAL,"['electronics_store', 'school', 'home_goods_store', 'store', 'point_of_interest', 'establishment']",,,,,4.8,33.0,,,,,,,,electronics_store,Big Island Guitars and Music Supply,"[{'close': {'day': 1, 'time': '1700'}, 'open': {'day': 1, 'time': '1000'}}, {'close': {'day': 2, 'time': '1700'}, 'open': {'day': 2, 'time': '1000'}}, {'close': {'day': 3, 'time': '1700'}, 'open': {'day': 3, 'time': '1000'}}, {'close': {'day': 4, 'time': '1700'}, 'open': {'day': 4, 'time': '1000'}}, {'close': {'day': 5, 'time': '1800'}, 'open': {'day': 5, 'time': '1000'}}, {'close': {'day': 6, 'time': '1600'}, 'open': {'day': 6, 'time': '1000'}}]","['Monday: 10:00\u202fAM\u2009–\u20095:00\u202fPM', 'Tuesday: 10:00\u202fAM\u2009–\u20095:00\u202fPM', 'Wednesday: 10:00\u202fAM\u2009–\u20095:00\u202fPM', 'Thursday: 10:00\u202fAM\u2009–\u20095:00\u202fPM', 'Friday: 10:00\u202fAM\u2009–\u20096:00\u202fPM', 'Saturday: 10:00\u202fAM\u2009–\u20094:00\u202fPM', 'Sunday: Closed']"
79,Hale Aloha Nazarene School,ChIJD9eFPSa1U3kRsJQU5kvaVDY,"595 Kupulau Road, Hilo","{'lat': 19.6767683, 'lng': -155.1048136}",OPERATIONAL,"['school', 'point_of_interest', 'establishment']",,,,,,,,,,,,,,school,Hale Aloha Nazarene School,,
80,Saint Joseph High School,ChIJ8cLsA1BLUnkR0eVF_b5gylE,"1000 Ululani Street, Hilo","{'lat': 19.71399, 'lng': -155.0844683}",OPERATIONAL,"['secondary_school', 'school', 'point_of_interest', 'establishment']",,,,,3.5,2.0,,,,,,,,secondary_school,Saint Joseph High School,"[{'close': {'day': 1, 'time': '1430'}, 'open': {'day': 1, 'time': '0800'}}, {'close': {'day': 2, 'time': '1430'}, 'open': {'day': 2, 'time': '0800'}}, {'close': {'day': 3, 'time': '1430'}, 'open': {'day': 3, 'time': '0800'}}, {'close': {'day': 4, 'time': '1430'}, 'open': {'day': 4, 'time': '0800'}}, {'close': {'day': 5, 'time': '1430'}, 'open': {'day': 5, 'time': '0800'}}]","['Monday: 8:00\u202fAM\u2009–\u20092:30\u202fPM', 'Tuesday: 8:00\u202fAM\u2009–\u20092:30\u202fPM', 'Wednesday: 8:00\u202fAM\u2009–\u20092:30\u202fPM', 'Thursday: 8:00\u202fAM\u2009–\u20092:30\u202fPM', 'Friday: 8:00\u202fAM\u2009–\u20092:30\u202fPM', 'Saturday: Closed', 'Sunday: Closed']"
81,Na Mana Li'i,ChIJIzDGJ1ZLUnkRjTEXRY2lZpA,"104 Kalakaua Street, Hilo","{'lat': 19.7252619, 'lng': -155.0879681}",OPERATIONAL,"['school', 'point_of_interest', 'establishment']",,,,,5.0,1.0,,,,,,,,school,Na Mana Li'i,,
82,Sean Luscombe,ChIJv9RvlFVLUnkRESQHqvFsPpo,"351 Wailuku Drive, Hilo","{'lat': 19.7248628, 'lng': -155.0915752}",OPERATIONAL,"['school', 'point_of_interest', 'establishment']",,,,,,,,,,,,,,school,Sean Luscombe,"[{'close': {'day': 2, 'time': '1700'}, 'open': {'day': 1, 'time': '2100'}}, {'close': {'day': 3, 'time': '1700'}, 'open': {'day': 2, 'time': '2100'}}, {'close': {'day': 4, 'time': '1700'}, 'open': {'day': 3, 'time': '2100'}}, {'close': {'day': 5, 'time': '1700'}, 'open': {'day': 4, 'time': '2100'}}, {'close': {'day': 6, 'time': '1700'}, 'open': {'day': 5, 'time': '2100'}}]","['Monday: 9:00\u202fPM\u2009–\u200912:00\u202fAM', 'Tuesday: 12:00\u202fAM\u2009–\u20095:00\u202fPM, 9:00\u202fPM\u2009–\u200912:00\u202fAM', 'Wednesday: 12:00\u202fAM\u2009–\u20095:00\u202fPM, 9:00\u202fPM\u2009–\u200912:00\u202fAM', 'Thursday: 12:00\u202fAM\u2009–\u20095:00\u202fPM, 9:00\u202fPM\u2009–\u200912:00\u202fAM', 'Friday: 12:00\u202fAM\u2009–\u20095:00\u202fPM, 9:00\u202fPM\u2009–\u200912:00\u202fAM', 'Saturday: 12:00\u202fAM\u2009–\u20095:00\u202fPM', 'Sunday: Closed']"
83,PACT Head Start,ChIJBT4PzKlMUnkR0KgFqGqziqc,"27 Waianuenue Avenue, Hilo","{'lat': 19.7263181, 'lng': -155.0871541}",OPERATIONAL,"['school', 'point_of_interest', 'establishment']",,,,,5.0,1.0,,,,,,,,school,PACT Head Start,,
84,Youth Challenge Academy Hilo,ChIJae2ePnlLUnkRhpyHoZJVAfE,"1046 Leilani Street, Hilo","{'lat': 19.7130503, 'lng': -155.0510944}",OPERATIONAL,"['school', 'point_of_interest', 'establishment']",,,,,5.0,4.0,,,,,,,,school,Youth Challenge Academy Hilo,"[{'close': {'day': 1, 'time': '1645'}, 'open': {'day': 1, 'time': '0800'}}, {'close': {'day': 2, 'time': '1645'}, 'open': {'day': 2, 'time': '0800'}}, {'close': {'day': 3, 'time': '1645'}, 'open': {'day': 3, 'time': '0800'}}, {'close': {'day': 4, 'time': '1645'}, 'open': {'day': 4, 'time': '0800'}}, {'close': {'day': 5, 'time': '1645'}, 'open': {'day': 5, 'time': '0800'}}]","['Monday: 8:00\u202fAM\u2009–\u20094:45\u202fPM', 'Tuesday: 8:00\u202fAM\u2009–\u20094:45\u202fPM', 'Wednesday: 8:00\u202fAM\u2009–\u20094:45\u202fPM', 'Thursday: 8:00\u202fAM\u2009–\u20094:45\u202fPM', 'Friday: 8:00\u202fAM\u2009–\u20094:45\u202fPM', 'Saturday: Closed', 'Sunday: Closed']"
85,Urasenke Hilo Tea House,ChIJ033M855MUnkRhGCoO4UIBQI,"Lili`uokalani Gardens, Island of USA, Banyan Drive, Hilo","{'lat': 19.7257285, 'lng': -155.0678983}",CLOSED_TEMPORARILY,"['school', 'point_of_interest', 'establishment']",,,,,,,,,,,,,,school,Urasenke Hilo Tea House,,
86,Keaukaha Special Education,ChIJdzky3nxMUnkR9UxT-bedCZE,"240 Desha Avenue, Hilo","{'lat': 19.7284252, 'lng': -155.0450368}",OPERATIONAL,"['school', 'point_of_interest', 'establishment']",,,,,,,,,,,,,,school,Keaukaha Special Education,,
87,Pacific Aquaculture & Coastal Resources Center (PACRC) University of Hawaiʻi at Hilo,ChIJDf9Nr2JMUnkRdCQBgPqoc7U,"1079 Kalanianaole Street, Hilo","{'lat': 19.7310082, 'lng': -155.0474352}",OPERATIONAL,"['school', 'point_of_interest', 'establishment']",,,,,5.0,1.0,,,,,,,,school,Pacific Aquaculture & Coastal Resources Center (PACRC) University of Hawaiʻi at Hilo,,
88,Ka Umeke Kaeo Pcs,ChIJScEiWG9MUnkRmR-kaSDPYtI,"1500 Kalanianaole Street, Hilo","{'lat': 19.7342351, 'lng': -155.0357084}",OPERATIONAL,"['school', 'point_of_interest', 'establishment']",,,,,,,,,,,,,,school,Ka Umeke Kaeo Pcs,,
89,Balancing Monkey Yoga,ChIJxTL_EENLUnkRRxe3KCbDbzk,"Beach House, Hilo","{'lat': 19.7380939, 'lng': -155.039599}",OPERATIONAL,"['school', 'point_of_interest', 'establishment']",,,,,4.9,15.0,,,,,,,,school,Balancing Monkey Yoga,,
90,Hilo Special Education,ChIJfbessqy0U3kRwQnxJoWjKVE,"587 Waianuenue Avenue, Hilo","{'lat': 19.7201922, 'lng': -155.0958402}",OPERATIONAL,"['school', 'point_of_interest', 'establishment']",,,,,,,,,,,,,,school,Hilo Special Education,,
91,A-Plus Program,ChIJ34vYQgK1U3kRRiIF4hDYEFM,"1710 Kaumana Drive, Hilo","{'lat': 19.6865574, 'lng': -155.1351105}",CLOSED_TEMPORARILY,"['school', 'point_of_interest', 'establishment']",,,,,,,,,,,,,,school,A-Plus Program,,
92,A-Plus Program,ChIJIWFI2760U3kRBZhOkEhmNVE,"278 Ainako Avenue, Hilo","{'lat': 19.71058859999999, 'lng': -155.1146087}",OPERATIONAL,"['school', 'point_of_interest', 'establishment']",,,,,,,,,,,,,,school,A-Plus Program,,
93,St Joseph Preschool,ChIJ63fnWW9LUnkRZR6FnaGvk_Y,"999 Ululani Street, Hilo","{'lat': 19.7151222, 'lng': -155.0836473}",OPERATIONAL,"['school', 'point_of_interest', 'establishment']",,,,,5.0,1.0,,,,,,,,school,St Joseph Preschool,"[{'close': {'day': 1, 'time': '1700'}, 'open': {'day': 1, 'time': '0715'}}, {'close': {'day': 2, 'time': '1700'}, 'open': {'day': 2, 'time': '0715'}}, {'close': {'day': 3, 'time': '1700'}, 'open': {'day': 3, 'time': '0715'}}, {'close': {'day': 4, 'time': '1700'}, 'open': {'day': 4, 'time': '0715'}}, {'close': {'day': 5, 'time': '1700'}, 'open': {'day': 5, 'time': '0715'}}]","['Monday: 7:15\u202fAM\u2009–\u20095:00\u202fPM', 'Tuesday: 7:15\u202fAM\u2009–\u20095:00\u202fPM', 'Wednesday: 7:15\u202fAM\u2009–\u20095:00\u202fPM', 'Thursday: 7:15\u202fAM\u2009–\u20095:00\u202fPM', 'Friday: 7:15\u202fAM\u2009–\u20095:00\u202fPM', 'Saturday: Closed', 'Sunday: Closed']"
94,Ke Ana La'ahana Public Charter School,ChIJScEiWG9MUnkRDGqvRt-zr60,"160 Baker Avenue, Hilo","{'lat': 19.7269591, 'lng': -155.0438794}",OPERATIONAL,"['secondary_school', 'school', 'point_of_interest', 'establishment']",,,,,,,,,,,,,,secondary_school,Ke Ana La'ahana Public Charter School,,
95,Joyland Preschool,ChIJaUIPskBLUnkRAT3uVTVhSww,"1407 Kapiolani Street, Hilo","{'lat': 19.7024819, 'lng': -155.0777023}",OPERATIONAL,"['school', 'point_of_interest', 'establishment']",,,,,4.0,1.0,,,,,,,,school,Joyland Preschool,"[{'close': {'day': 1, 'time': '1448'}, 'open': {'day': 1, 'time': '0750'}}, {'close': {'day': 2, 'time': '1448'}, 'open': {'day': 2, 'time': '0750'}}, {'close': {'day': 3, 'time': '1448'}, 'open': {'day': 3, 'time': '0750'}}, {'close': {'day': 4, 'time': '1448'}, 'open': {'day': 4, 'time': '0750'}}, {'close': {'day': 5, 'time': '1448'}, 'open': {'day': 5, 'time': '0750'}}]","['Monday: 7:50\u202fAM\u2009–\u20092:48\u202fPM', 'Tuesday: 7:50\u202fAM\u2009–\u20092:48\u202fPM', 'Wednesday: 7:50\u202fAM\u2009–\u20092:48\u202fPM', 'Thursday: 7:50\u202fAM\u2009–\u20092:48\u202fPM', 'Friday: 7:50\u202fAM\u2009–\u20092:48\u202fPM', 'Saturday: Closed', 'Sunday: Closed']"
96,Waiakea Intermediate School,ChIJEYEJqTtLUnkR93EpIXTYZEs,"200 West Puainako Street, Hilo","{'lat': 19.6949689, 'lng': -155.0764353}",OPERATIONAL,"['school', 'point_of_interest', 'establishment']",,,,,4.8,5.0,,,,,,,,school,Waiakea Intermediate School,"[{'open': {'day': 0, 'time': '0000'}}]","['Monday: Open 24 hours', 'Tuesday: Open 24 hours', 'Wednesday: Open 24 hours', 'Thursday: Open 24 hours', 'Friday: Open 24 hours', 'Saturday: Open 24 hours', 'Sunday: Open 24 hours']"
97,Aha Punana Leo Inc,ChIJQVX-b620U3kRpYpuy2RmYYo,"96 Puuhonu Place, Hilo","{'lat': 19.716601, 'lng': -155.097997}",OPERATIONAL,"['school', 'point_of_interest', 'establishment']",,,,,,,,,,,,,,school,Aha Punana Leo Inc,"[{'close': {'day': 1, 'time': '1630'}, 'open': {'day': 1, 'time': '0800'}}, {'close': {'day': 2, 'time': '1630'}, 'open': {'day': 2, 'time': '0800'}}, {'close': {'day': 3, 'time': '1630'}, 'open': {'day': 3, 'time': '0800'}}, {'close': {'day': 4, 'time': '1630'}, 'open': {'day': 4, 'time': '0800'}}, {'close': {'day': 5, 'time': '1630'}, 'open': {'day': 5, 'time': '0800'}}]","['Monday: 8:00\u202fAM\u2009–\u20094:30\u202fPM', 'Tuesday: 8:00\u202fAM\u2009–\u20094:30\u202fPM', 'Wednesday: 8:00\u202fAM\u2009–\u20094:30\u202fPM', 'Thursday: 8:00\u202fAM\u2009–\u20094:30\u202fPM', 'Friday: 8:00\u202fAM\u2009–\u20094:30\u202fPM', 'Saturday: Closed', 'Sunday: Closed']"
98,Hilo,ChIJyd6XbFpLUnkRxhUMMwCpW8E,Hilo,"{'lat': 19.7216023, 'lng': -155.084887}",,"['locality', 'political']",,,,,,,,,,,,,,locality,Hilo,,
99,SCP Hilo Hotel,ChIJqa_XrZ5MUnkRzyXWbXHkuno,"126 Banyan Way, Hilo","{'lat': 19.723507, 'lng': -155.062949}",OPERATIONAL,"['lodging', 'point_of_interest', 'establishment']",,,,,4.2,826.0,,,,,,,,lodging,SCP Hilo Hotel,"[{'open': {'day': 0, 'time': '0000'}}]","['Monday: Open 24 hours', 'Tuesday: Open 24 hours', 'Wednesday: Open 24 hours', 'Thursday: Open 24 hours', 'Friday: Open 24 hours', 'Saturday: Open 24 hours', 'Sunday: Open 24 hours']"
100,Hilo Hawaiian Hotel,ChIJ6VLlrZ5MUnkRILaTYiZiniw,"71 Banyan Drive, Hilo","{'lat': 19.7284039, 'lng': -155.066467}",OPERATIONAL,"['lodging', 'point_of_interest', 'establishment']",,,,,4.1,1945.0,,,,,,,,lodging,Hilo Hawaiian Hotel,,
101,Grand Naniloa Hotel Hilo - a DoubleTree by Hilton,ChIJKWsHxptMUnkRxi4I8Z41mxQ,"93 Banyan Drive, Hilo","{'lat': 19.7295945, 'lng': -155.064893}",OPERATIONAL,"['lodging', 'point_of_interest', 'establishment']",,,,,4.0,2700.0,,,,,,,,lodging,Grand Naniloa Hotel Hilo - a DoubleTree by Hilton,,
102,Wild Ginger Hotel,ChIJpy34Y6lMUnkRx7C00H89cQM,"100 Puueo Street, Hilo","{'lat': 19.7293163, 'lng': -155.0891752}",OPERATIONAL,"['lodging', 'point_of_interest', 'establishment']",,,,,3.9,247.0,,,,,,,,lodging,Wild Ginger Hotel,"[{'open': {'day': 0, 'time': '0000'}}]","['Monday: Open 24 hours', 'Tuesday: Open 24 hours', 'Wednesday: Open 24 hours', 'Thursday: Open 24 hours', 'Friday: Open 24 hours', 'Saturday: Open 24 hours', 'Sunday: Open 24 hours']"
103,Hilltop Legacy Vacation Rental,ChIJDyk-I620U3kRR0f4MBkwcq0,"57 Hina Street, Hilo","{'lat': 19.7177603, 'lng': -155.0969659}",OPERATIONAL,"['lodging', 'point_of_interest', 'establishment']",,,,,3.4,52.0,,,,,,,,lodging,Hilltop Legacy Vacation Rental,"[{'close': {'day': 0, 'time': '2100'}, 'open': {'day': 0, 'time': '0900'}}, {'close': {'day': 1, 'time': '2100'}, 'open': {'day': 1, 'time': '0900'}}, {'close': {'day': 2, 'time': '2100'}, 'open': {'day': 2, 'time': '0900'}}, {'close': {'day': 3, 'time': '2100'}, 'open': {'day': 3, 'time': '0900'}}, {'close': {'day': 4, 'time': '2100'}, 'open': {'day': 4, 'time': '0900'}}, {'close': {'day': 5, 'time': '2100'}, 'open': {'day': 5, 'time': '0900'}}, {'close': {'day': 6, 'time': '2100'}, 'open': {'day': 6, 'time': '0900'}}]","['Monday: 9:00\u202fAM\u2009–\u20099:00\u202fPM', 'Tuesday: 9:00\u202fAM\u2009–\u20099:00\u202fPM', 'Wednesday: 9:00\u202fAM\u2009–\u20099:00\u202fPM', 'Thursday: 9:00\u202fAM\u2009–\u20099:00\u202fPM', 'Friday: 9:00\u202fAM\u2009–\u20099:00\u202fPM', 'Saturday: 9:00\u202fAM\u2009–\u20099:00\u202fPM', 'Sunday: 9:00\u202fAM\u2009–\u20099:00\u202fPM']"
104,Arnott's Lodge and Hiking Adventures,ChIJaYIHGmRMUnkRGhIxsFGTAL8,"98 Apapane Road, Hilo","{'lat': 19.7344686, 'lng': -155.0413173}",OPERATIONAL,"['campground', 'travel_agency', 'lodging', 'park', 'point_of_interest', 'establishment']",,,,,4.3,199.0,,,,,,,,campground,Arnott's Lodge and Hiking Adventures,"[{'close': {'day': 0, 'time': '1700'}, 'open': {'day': 0, 'time': '0900'}}, {'close': {'day': 1, 'time': '1700'}, 'open': {'day': 1, 'time': '0900'}}, {'close': {'day': 2, 'time': '1700'}, 'open': {'day': 2, 'time': '0900'}}, {'close': {'day': 3, 'time': '1700'}, 'open': {'day': 3, 'time': '0900'}}, {'close': {'day': 4, 'time': '1700'}, 'open': {'day': 4, 'time': '0900'}}, {'close': {'day': 5, 'time': '1700'}, 'open': {'day': 5, 'time': '0900'}}, {'close': {'day': 6, 'time': '1700'}, 'open': {'day': 6, 'time': '0900'}}]","['Monday: 9:00\u202fAM\u2009–\u20095:00\u202fPM', 'Tuesday: 9:00\u202fAM\u2009–\u20095:00\u202fPM', 'Wednesday: 9:00\u202fAM\u2009–\u20095:00\u202fPM', 'Thursday: 9:00\u202fAM\u2009–\u20095:00\u202fPM', 'Friday: 9:00\u202fAM\u2009–\u20095:00\u202fPM', 'Saturday: 9:00\u202fAM\u2009–\u20095:00\u202fPM', 'Sunday: 9:00\u202fAM\u2009–\u20095:00\u202fPM']"
105,Holmes' Sweet Home Bed and Breakfast,ChIJg88RvJS0U3kRA_tF8YPdRsA,"107 Koula Street, Hilo","{'lat': 19.7097013, 'lng': -155.1243839}",OPERATIONAL,"['lodging', 'point_of_interest', 'establishment']",,,,,,,,,,,,,,lodging,Holmes' Sweet Home Bed and Breakfast,,
106,Maunakea Observatories Support Services,ChIJR9YiuBW-U3kRMm0ukaGF3dI,"177 Makaala Street, Hilo","{'lat': 19.7007227, 'lng': -155.0674174}",OPERATIONAL,"['travel_agency', 'point_of_interest', 'establishment']",,,,,4.6,410.0,,,,,,,,travel_agency,Maunakea Observatories Support Services,"[{'close': {'day': 1, 'time': '2200'}, 'open': {'day': 1, 'time': '1200'}}, {'close': {'day': 2, 'time': '2200'}, 'open': {'day': 2, 'time': '1200'}}, {'close': {'day': 3, 'time': '2200'}, 'open': {'day': 3, 'time': '1200'}}, {'close': {'day': 4, 'time': '2200'}, 'open': {'day': 4, 'time': '1200'}}, {'close': {'day': 5, 'time': '2200'}, 'open': {'day': 5, 'time': '1200'}}, {'close': {'day': 6, 'time': '2200'}, 'open': {'day': 6, 'time': '1200'}}]","['Monday: 12:00\u2009–\u200910:00\u202fPM', 'Tuesday: 12:00\u2009–\u200910:00\u202fPM', 'Wednesday: 12:00\u2009–\u200910:00\u202fPM', 'Thursday: 12:00\u2009–\u200910:00\u202fPM', 'Friday: 12:00\u2009–\u200910:00\u202fPM', 'Saturday: 12:00\u2009–\u200910:00\u202fPM', 'Sunday: Closed']"
107,Beltone Hearing Aid Center,ChIJHcguOxdLUnkRpB5xWaTMUyE,"2100 Kanoelehua Avenue STE B5, Hilo","{'lat': 19.6911949, 'lng': -155.0665061}",OPERATIONAL,"['health', 'store', 'point_of_interest', 'establishment']",,,,,4.8,53.0,,,,,,,,health,Beltone Hearing Aid Center,"[{'close': {'day': 1, 'time': '1630'}, 'open': {'day': 1, 'time': '0900'}}, {'close': {'day': 2, 'time': '1630'}, 'open': {'day': 2, 'time': '0900'}}, {'close': {'day': 3, 'time': '1630'}, 'open': {'day': 3, 'time': '0900'}}, {'close': {'day': 4, 'time': '1630'}, 'open': {'day': 4, 'time': '0900'}}, {'close': {'day': 5, 'time': '1630'}, 'open': {'day': 5, 'time': '0900'}}]","['Monday: 9:00\u202fAM\u2009–\u20094:30\u202fPM', 'Tuesday: 9:00\u202fAM\u2009–\u20094:30\u202fPM', 'Wednesday: 9:00\u202fAM\u2009–\u20094:30\u202fPM', 'Thursday: 9:00\u202fAM\u2009–\u20094:30\u202fPM', 'Friday: 9:00\u202fAM\u2009–\u20094:30\u202fPM', 'Saturday: Closed', 'Sunday: Closed']"
108,Hilo Farmer's Market,ChIJMQpvs6lMUnkRufly6WtiEgI,"Corner of Kamehameha Avenue and, Mamo Street, Hilo","{'lat': 19.7229716, 'lng': -155.0847818}",OPERATIONAL,"['grocery_or_supermarket', 'store', 'food', 'point_of_interest', 'establishment']",,,,1.0,4.4,4626.0,,,,,,,,grocery_or_supermarket,Hilo Farmer's Market,"[{'close': {'day': 0, 'time': '1500'}, 'open': {'day': 0, 'time': '0700'}}, {'close': {'day': 1, 'time': '1500'}, 'open': {'day': 1, 'time': '0700'}}, {'close': {'day': 2, 'time': '1500'}, 'open': {'day': 2, 'time': '0700'}}, {'close': {'day': 3, 'time': '1500'}, 'open': {'day': 3, 'time': '0700'}}, {'close': {'day': 4, 'time': '1500'}, 'open': {'day': 4, 'time': '0700'}}, {'close': {'day': 5, 'time': '1500'}, 'open': {'day': 5, 'time': '0700'}}, {'close': {'day': 6, 'time': '1500'}, 'open': {'day': 6, 'time': '0700'}}]","['Monday: 7:00\u202fAM\u2009–\u20093:00\u202fPM', 'Tuesday: 7:00\u202fAM\u2009–\u20093:00\u202fPM', 'Wednesday: 7:00\u202fAM\u2009–\u20093:00\u202fPM', 'Thursday: 7:00\u202fAM\u2009–\u20093:00\u202fPM', 'Friday: 7:00\u202fAM\u2009–\u20093:00\u202fPM', 'Saturday: 7:00\u202fAM\u2009–\u20093:00\u202fPM', 'Sunday: 7:00\u202fAM\u2009–\u20093:00\u202fPM']"
109,Hilo Bay Oceanfront Bed and Breakfast,ChIJ96oXNalMUnkRbnu8JZkwLZw,"56 Pukihae Street, Hilo","{'lat': 19.7309761, 'lng': -155.0881646}",OPERATIONAL,"['lodging', 'point_of_interest', 'establishment']",,,,,4.9,69.0,,,,,,,,lodging,Hilo Bay Oceanfront Bed and Breakfast,"[{'open': {'day': 0, 'time': '0000'}}]","['Monday: Open 24 hours', 'Tuesday: Open 24 hours', 'Wednesday: Open 24 hours', 'Thursday: Open 24 hours', 'Friday: Open 24 hours', 'Saturday: Open 24 hours', 'Sunday: Open 24 hours']"
110,Big Island Candies,ChIJSXq7PmZLUnkRhDa1cs_8iSA,"585 Hinano Street, Hilo","{'lat': 19.712455, 'lng': -155.067676}",OPERATIONAL,"['bakery', 'tourist_attraction', 'store', 'food', 'point_of_interest', 'establishment']",,,,4.0,4.6,2831.0,,,,,,,,bakery,Big Island Candies,"[{'close': {'day': 0, 'time': '1700'}, 'open': {'day': 0, 'time': '0830'}}, {'close': {'day': 1, 'time': '1700'}, 'open': {'day': 1, 'time': '0830'}}, {'close': {'day': 2, 'time': '1700'}, 'open': {'day': 2, 'time': '0830'}}, {'close': {'day': 3, 'time': '1700'}, 'open': {'day': 3, 'time': '0830'}}, {'close': {'day': 4, 'time': '1700'}, 'open': {'day': 4, 'time': '0830'}}, {'close': {'day': 5, 'time': '1700'}, 'open': {'day': 5, 'time': '0830'}}, {'close': {'day': 6, 'time': '1700'}, 'open': {'day': 6, 'time': '0830'}}]","['Monday: 8:30\u202fAM\u2009–\u20095:00\u202fPM', 'Tuesday: 8:30\u202fAM\u2009–\u20095:00\u202fPM', 'Wednesday: 8:30\u202fAM\u2009–\u20095:00\u202fPM', 'Thursday: 8:30\u202fAM\u2009–\u20095:00\u202fPM', 'Friday: 8:30\u202fAM\u2009–\u20095:00\u202fPM', 'Saturday: 8:30\u202fAM\u2009–\u20095:00\u202fPM', 'Sunday: 8:30\u202fAM\u2009–\u20095:00\u202fPM']"
111,Dolphin Bay Hotel,ChIJ5YvF0KtMUnkREAVLCNK8ngg,"333 Iliahi Street, Hilo","{'lat': 19.7292288, 'lng': -155.0904265}",OPERATIONAL,"['lodging', 'point_of_interest', 'establishment']",,,,,4.5,193.0,,,,,,,,lodging,Dolphin Bay Hotel,,
112,AT&T Store,ChIJ31zh21lLUnkR0aDb7_LuE9A,"333 Kilauea Avenue, Hilo","{'lat': 19.7208237, 'lng': -155.0832631}",OPERATIONAL,"['store', 'point_of_interest', 'establishment']",,,,2.0,4.1,135.0,,,,,,,,store,AT&T Store,"[{'close': {'day': 0, 'time': '1700'}, 'open': {'day': 0, 'time': '1000'}}, {'close': {'day': 1, 'time': '1900'}, 'open': {'day': 1, 'time': '0900'}}, {'close': {'day': 2, 'time': '1900'}, 'open': {'day': 2, 'time': '0900'}}, {'close': {'day': 3, 'time': '1900'}, 'open': {'day': 3, 'time': '0900'}}, {'close': {'day': 4, 'time': '1900'}, 'open': {'day': 4, 'time': '0900'}}, {'close': {'day': 5, 'time': '1900'}, 'open': {'day': 5, 'time': '0900'}}, {'close': {'day': 6, 'time': '1800'}, 'open': {'day': 6, 'time': '0900'}}]","['Monday: 9:00\u202fAM\u2009–\u20097:00\u202fPM', 'Tuesday: 9:00\u202fAM\u2009–\u20097:00\u202fPM', 'Wednesday: 9:00\u202fAM\u2009–\u20097:00\u202fPM', 'Thursday: 9:00\u202fAM\u2009–\u20097:00\u202fPM', 'Friday: 9:00\u202fAM\u2009–\u20097:00\u202fPM', 'Saturday: 9:00\u202fAM\u2009–\u20096:00\u202fPM', 'Sunday: 10:00\u202fAM\u2009–\u20095:00\u202fPM']"
113,Premier Salons at Macy's,ChIJe_fLwBJLUnkR3S9LoZTJWXs,"111 Puainako Street Ste 800, Hilo","{'lat': 19.697369, 'lng': -155.0633309}",OPERATIONAL,"['beauty_salon', 'point_of_interest', 'establishment']",,,,,4.7,7.0,,,,,,,,beauty_salon,Premier Salons at Macy's,"[{'open': {'day': 0, 'time': '0000'}}]","['Monday: Open 24 hours', 'Tuesday: Open 24 hours', 'Wednesday: Open 24 hours', 'Thursday: Open 24 hours', 'Friday: Open 24 hours', 'Saturday: Open 24 hours', 'Sunday: Open 24 hours']"
114,Enterprise Rent-A-Car,ChIJz-JWSGxLUnkRckMIzwg4Z-o,"10 Halekauila Street, Hilo","{'lat': 19.7043293, 'lng': -155.0639152}",OPERATIONAL,"['car_rental', 'point_of_interest', 'establishment']",,,,,4.7,141.0,,,,,,,,car_rental,Enterprise Rent-A-Car,"[{'close': {'day': 1, 'time': '1700'}, 'open': {'day': 1, 'time': '0730'}}, {'close': {'day': 2, 'time': '1700'}, 'open': {'day': 2, 'time': '0730'}}, {'close': {'day': 3, 'time': '1700'}, 'open': {'day': 3, 'time': '0730'}}, {'close': {'day': 4, 'time': '1700'}, 'open': {'day': 4, 'time': '0730'}}, {'close': {'day': 5, 'time': '1700'}, 'open': {'day': 5, 'time': '0730'}}]","['Monday: 7:30\u202fAM\u2009–\u20095:00\u202fPM', 'Tuesday: 7:30\u202fAM\u2009–\u20095:00\u202fPM', 'Wednesday: 7:30\u202fAM\u2009–\u20095:00\u202fPM', 'Thursday: 7:30\u202fAM\u2009–\u20095:00\u202fPM', 'Friday: 7:30\u202fAM\u2009–\u20095:00\u202fPM', 'Saturday: Closed', 'Sunday: Closed']"
115,Keaau,ChIJa7rLsXc2UnkR0b706eZHRTg,Keaau,"{'lat': 19.6233863, 'lng': -155.0405077}",,"['locality', 'political']",,,,,,,,,,,,,,locality,Keaau,,
116,Hawaii Community College Children's Center,ChIJh8OZXTpLUnkRc1CNxTkpSkQ,"200 West Kawili Street, Hilo","{'lat': 19.7012676, 'lng': -155.0792472}",OPERATIONAL,"['university', 'point_of_interest', 'establishment']",,,,,5.0,1.0,,,,,,,,university,Hawaii Community College Children's Center,,
117,Business ED & Tech,ChIJFf-rXdZLUnkRtD3bPW5nHyA,"Life Sciences Building A, Hilo","{'lat': 19.702267, 'lng': -155.0800825}",OPERATIONAL,"['university', 'point_of_interest', 'establishment']",,,,,,,,,,,,,,university,Business ED & Tech,,
118,College Hall C,ChIJFbI3OsZLUnkRLv6ACk6fyj0,"Walkways, Hilo","{'lat': 19.7032682, 'lng': -155.0804363}",OPERATIONAL,"['university', 'point_of_interest', 'establishment']",,,,,,,,,,,,,,university,College Hall C,,
119,College Hall B,ChIJFwdM9SRLUnkRj2XAo4XdBYs,Hilo,"{'lat': 19.7032682, 'lng': -155.0798863}",OPERATIONAL,"['university', 'point_of_interest', 'establishment']",,,,,,,,,,,,,,university,College Hall B,,
120,College Hall A,ChIJi2aPyP1LUnkRzedGA9Zp9J8,Hilo,"{'lat': 19.7034414, 'lng': -155.0796113}",OPERATIONAL,"['university', 'point_of_interest', 'establishment']",,,,,,,,,,,,,,university,College Hall A,,
121,Center for Community Engagement,ChIJ1bIZAnpLUnkRL5Z6iq4Nl_g,"Kapiolani Street, Hilo","{'lat': 19.7034002, 'lng': -155.0793804}",OPERATIONAL,"['university', 'point_of_interest', 'establishment']",,,,,,,,,,,,,,university,Center for Community Engagement,"[{'close': {'day': 1, 'time': '1645'}, 'open': {'day': 1, 'time': '0745'}}, {'close': {'day': 2, 'time': '1645'}, 'open': {'day': 2, 'time': '0745'}}, {'close': {'day': 3, 'time': '1645'}, 'open': {'day': 3, 'time': '0745'}}, {'close': {'day': 4, 'time': '1645'}, 'open': {'day': 4, 'time': '0745'}}, {'close': {'day': 5, 'time': '1645'}, 'open': {'day': 5, 'time': '0745'}}]","['Monday: 7:45\u202fAM\u2009–\u20094:45\u202fPM', 'Tuesday: 7:45\u202fAM\u2009–\u20094:45\u202fPM', 'Wednesday: 7:45\u202fAM\u2009–\u20094:45\u202fPM', 'Thursday: 7:45\u202fAM\u2009–\u20094:45\u202fPM', 'Friday: 7:45\u202fAM\u2009–\u20094:45\u202fPM', 'Saturday: Closed', 'Sunday: Closed']"
122,Pacific Internship Programs for Exploring Science,ChIJ6VdJ141LUnkR8ldyEKqNPlY,"PB-6 ,Room 105, Kapiolani Street, Hilo","{'lat': 19.7035733, 'lng': -155.0793804}",OPERATIONAL,"['university', 'point_of_interest', 'establishment']",,,,,,,,,,,,,,university,Pacific Internship Programs for Exploring Science,,
123,Daniel Gallares,ChIJVVXJHUFLUnkRnZb6-pqaFew,"70 Olona Street, Hilo","{'lat': 19.7044176, 'lng': -155.0760549}",OPERATIONAL,"['doctor', 'university', 'health', 'point_of_interest', 'establishment']",,,,,,,,,,,,,,doctor,Daniel Gallares,,
124,"BJY Contracting-Residential Concrete Contractor,Roofing Installation Service Work,Construction",ChIJZcKu36tMUnkRkdMtanyJzI0,"Hinano Street, Hilo","{'lat': 19.7159848, 'lng': -155.0689442}",OPERATIONAL,"['roofing_contractor', 'general_contractor', 'university', 'point_of_interest', 'establishment']",,,,,5.0,2.0,,,,,,,,roofing_contractor,"BJY Contracting-Residential Concrete Contractor,Roofing Installation Service Work,Construction","[{'close': {'day': 1, 'time': '1730'}, 'open': {'day': 1, 'time': '0700'}}, {'close': {'day': 2, 'time': '1730'}, 'open': {'day': 2, 'time': '0700'}}, {'close': {'day': 3, 'time': '1730'}, 'open': {'day': 3, 'time': '0700'}}, {'close': {'day': 4, 'time': '1730'}, 'open': {'day': 4, 'time': '0700'}}, {'close': {'day': 5, 'time': '1730'}, 'open': {'day': 5, 'time': '0700'}}]","['Monday: 7:00\u202fAM\u2009–\u20095:30\u202fPM', 'Tuesday: 7:00\u202fAM\u2009–\u20095:30\u202fPM', 'Wednesday: 7:00\u202fAM\u2009–\u20095:30\u202fPM', 'Thursday: 7:00\u202fAM\u2009–\u20095:30\u202fPM', 'Friday: 7:00\u202fAM\u2009–\u20095:30\u202fPM', 'Saturday: Closed', 'Sunday: Closed']"
125,United Hawaii College,ChIJHY9ksLJLUnkRW2eJ9vdoJPs,"139 Kapiolani Street, Hilo","{'lat': 19.7205154, 'lng': -155.0887427}",OPERATIONAL,"['university', 'point_of_interest', 'establishment']",,,,,,,,,,,,,,university,United Hawaii College,,
126,Paradise Performing Arts Center,ChIJ06OQt6lMUnkRD7CgkIBOg84,"29 Shipman Street Suite #202, Hilo","{'lat': 19.726866, 'lng': -155.087556}",OPERATIONAL,"['university', 'point_of_interest', 'establishment']",,,,,,,,,,,,,,university,Paradise Performing Arts Center,,
127,Sachin Gandhi Rahman,ChIJ___vzry0U3kR5s-_pvHjeC0,"1292 Waianuenue Avenue, Hilo","{'lat': 19.7179262, 'lng': -155.1155741}",OPERATIONAL,"['doctor', 'university', 'health', 'point_of_interest', 'establishment']",,,,,5.0,1.0,,,,,,,,doctor,Sachin Gandhi Rahman,,
128,Hilo Pagoda Hotel,ChIJrYJYTglNUnkRqeY3Quzfs2k,"USAk, 121 Banyan Drive, Hilo","{'lat': 19.72837849999999, 'lng': -155.0638389}",OPERATIONAL,"['university', 'point_of_interest', 'establishment']",,,,,2.7,6.0,,,,,,,,university,Hilo Pagoda Hotel,,
129,"University of Hawaii at Hilo, experimental ag farm",ChIJlzWamopKUnkR73Fkz55xWfk,"3551 Kanoelehua Avenue, Hilo","{'lat': 19.653193, 'lng': -155.049533}",OPERATIONAL,"['university', 'point_of_interest', 'establishment']",,,,,,,,,,,,,,university,"University of Hawaii at Hilo, experimental ag farm",,
130,Kaitlyn Issler,ChIJVVUxp4Q1UnkRL7yyovWe8oQ,"16-590 Old Volcano Road, Keaau","{'lat': 19.6199963, 'lng': -155.0422644}",OPERATIONAL,"['university', 'health', 'point_of_interest', 'establishment']",,,,,,,,,,,,,,university,Kaitlyn Issler,,
131,Jillian Tyler,ChIJ__9P_YQ1UnkRil1ojFT9MHo,"16-192 Pili Mua Street, Keaau","{'lat': 19.6206866, 'lng': -155.0394603}",OPERATIONAL,"['university', 'health', 'point_of_interest', 'establishment']",,,,,,,,,,,,,,university,Jillian Tyler,,
132,Erin White,ChIJ__9P_YQ1UnkRqeSBniSESQs,"16-192 Pili Mua Street, Keaau","{'lat': 19.6206866, 'lng': -155.0394603}",OPERATIONAL,"['university', 'health', 'point_of_interest', 'establishment']",,,,,,,,,,,,,,university,Erin White,,
133,Vitamin World -- In-Store Shopping or Curbside Pickup,ChIJe_fLwBJLUnkR9BgdwYivhc0,"Prince Kuhio Plaza, 111 Puainako Street #745, Hilo","{'lat': 19.6970679, 'lng': -155.0633394}",OPERATIONAL,"['store', 'point_of_interest', 'health', 'establishment']",,,,2.0,5.0,1.0,,,,,,,,store,Vitamin World -- In-Store Shopping or Curbside Pickup,"[{'close': {'day': 0, 'time': '1800'}, 'open': {'day': 0, 'time': '1000'}}, {'close': {'day': 1, 'time': '1900'}, 'open': {'day': 1, 'time': '1000'}}, {'close': {'day': 2, 'time': '1900'}, 'open': {'day': 2, 'time': '1000'}}, {'close': {'day': 3, 'time': '1900'}, 'open': {'day': 3, 'time': '1000'}}, {'close': {'day': 4, 'time': '1900'}, 'open': {'day': 4, 'time': '1000'}}, {'close': {'day': 5, 'time': '2000'}, 'open': {'day': 5, 'time': '1000'}}, {'close': {'day': 6, 'time': '2000'}, 'open': {'day': 6, 'time': '1000'}}]","['Monday: 10:00\u202fAM\u2009–\u20097:00\u202fPM', 'Tuesday: 10:00\u202fAM\u2009–\u20097:00\u202fPM', 'Wednesday: 10:00\u202fAM\u2009–\u20097:00\u202fPM', 'Thursday: 10:00\u202fAM\u2009–\u20097:00\u202fPM', 'Friday: 10:00\u202fAM\u2009–\u20098:00\u202fPM', 'Saturday: 10:00\u202fAM\u2009–\u20098:00\u202fPM', 'Sunday: 10:00\u202fAM\u2009–\u20096:00\u202fPM']"
134,Zales,ChIJe_fLwBJLUnkRzIrna2BDPl8,"111 Puainako Street #460, Hilo","{'lat': 19.6972689, 'lng': -155.0636786}",OPERATIONAL,"['jewelry_store', 'store', 'point_of_interest', 'establishment']",,,,2.0,4.5,24.0,,,,,,,,jewelry_store,Zales,"[{'close': {'day': 0, 'time': '1800'}, 'open': {'day': 0, 'time': '1000'}}, {'close': {'day': 1, 'time': '1900'}, 'open': {'day': 1, 'time': '1000'}}, {'close': {'day': 2, 'time': '1900'}, 'open': {'day': 2, 'time': '1000'}}, {'close': {'day': 3, 'time': '1900'}, 'open': {'day': 3, 'time': '1000'}}, {'close': {'day': 4, 'time': '1900'}, 'open': {'day': 4, 'time': '1000'}}, {'close': {'day': 5, 'time': '2000'}, 'open': {'day': 5, 'time': '1000'}}, {'close': {'day': 6, 'time': '2000'}, 'open': {'day': 6, 'time': '1000'}}]","['Monday: 10:00\u202fAM\u2009–\u20097:00\u202fPM', 'Tuesday: 10:00\u202fAM\u2009–\u20097:00\u202fPM', 'Wednesday: 10:00\u202fAM\u2009–\u20097:00\u202fPM', 'Thursday: 10:00\u202fAM\u2009–\u20097:00\u202fPM', 'Friday: 10:00\u202fAM\u2009–\u20098:00\u202fPM', 'Saturday: 10:00\u202fAM\u2009–\u20098:00\u202fPM', 'Sunday: 10:00\u202fAM\u2009–\u20096:00\u202fPM']"
135,Imiloa Astronomy Center,ChIJsdQxZzZLUnkRvKrbC-puu20,"600 Imiloa Place, Hilo","{'lat': 19.7011173, 'lng': -155.0886773}",OPERATIONAL,"['museum', 'point_of_interest', 'establishment']",,,,,4.5,105.0,,,,,,,,museum,Imiloa Astronomy Center,"[{'close': {'day': 0, 'time': '1630'}, 'open': {'day': 0, 'time': '0900'}}, {'close': {'day': 4, 'time': '1630'}, 'open': {'day': 4, 'time': '0900'}}, {'close': {'day': 5, 'time': '1630'}, 'open': {'day': 5, 'time': '0900'}}, {'close': {'day': 6, 'time': '1630'}, 'open': {'day': 6, 'time': '0900'}}]","['Monday: Closed', 'Tuesday: Closed', 'Wednesday: Closed', 'Thursday: 9:00\u202fAM\u2009–\u20094:30\u202fPM', 'Friday: 9:00\u202fAM\u2009–\u20094:30\u202fPM', 'Saturday: 9:00\u202fAM\u2009–\u20094:30\u202fPM', 'Sunday: 9:00\u202fAM\u2009–\u20094:30\u202fPM']"
136,Pizza Ala Slice,ChIJe_fLwBJLUnkRlyUqcbBH1Yo,"111 Puainako Street #575, Hilo","{'lat': 19.6969789, 'lng': -155.0640987}",OPERATIONAL,"['restaurant', 'food', 'point_of_interest', 'establishment']",,,,,3.8,32.0,,,,,,,,restaurant,Pizza Ala Slice,"[{'close': {'day': 0, 'time': '1800'}, 'open': {'day': 0, 'time': '1100'}}, {'close': {'day': 1, 'time': '1900'}, 'open': {'day': 1, 'time': '1100'}}, {'close': {'day': 2, 'time': '1900'}, 'open': {'day': 2, 'time': '1100'}}, {'close': {'day': 3, 'time': '1900'}, 'open': {'day': 3, 'time': '1100'}}, {'close': {'day': 4, 'time': '1900'}, 'open': {'day': 4, 'time': '1100'}}, {'close': {'day': 5, 'time': '1900'}, 'open': {'day': 5, 'time': '1100'}}, {'close': {'day': 6, 'time': '1900'}, 'open': {'day': 6, 'time': '1100'}}]","['Monday: 11:00\u202fAM\u2009–\u20097:00\u202fPM', 'Tuesday: 11:00\u202fAM\u2009–\u20097:00\u202fPM', 'Wednesday: 11:00\u202fAM\u2009–\u20097:00\u202fPM', 'Thursday: 11:00\u202fAM\u2009–\u20097:00\u202fPM', 'Friday: 11:00\u202fAM\u2009–\u20097:00\u202fPM', 'Saturday: 11:00\u202fAM\u2009–\u20097:00\u202fPM', 'Sunday: 11:00\u202fAM\u2009–\u20096:00\u202fPM']"
137,Claire's,ChIJlcq8-xJLUnkRiKNubRJfUXg,"111 Puainako Street, Hilo","{'lat': 19.697266, 'lng': -155.0627173}",OPERATIONAL,"['jewelry_store', 'store', 'point_of_interest', 'establishment']",,,,2.0,3.8,13.0,,,,,,,,jewelry_store,Claire's,"[{'close': {'day': 0, 'time': '1800'}, 'open': {'day': 0, 'time': '1000'}}, {'close': {'day': 1, 'time': '1900'}, 'open': {'day': 1, 'time': '1000'}}, {'close': {'day': 2, 'time': '1900'}, 'open': {'day': 2, 'time': '1000'}}, {'close': {'day': 3, 'time': '1900'}, 'open': {'day': 3, 'time': '1000'}}, {'close': {'day': 4, 'time': '1900'}, 'open': {'day': 4, 'time': '1000'}}, {'close': {'day': 5, 'time': '2000'}, 'open': {'day': 5, 'time': '1000'}}, {'close': {'day': 6, 'time': '2000'}, 'open': {'day': 6, 'time': '1000'}}]","['Monday: 10:00\u202fAM\u2009–\u20097:00\u202fPM', 'Tuesday: 10:00\u202fAM\u2009–\u20097:00\u202fPM', 'Wednesday: 10:00\u202fAM\u2009–\u20097:00\u202fPM', 'Thursday: 10:00\u202fAM\u2009–\u20097:00\u202fPM', 'Friday: 10:00\u202fAM\u2009–\u20098:00\u202fPM', 'Saturday: 10:00\u202fAM\u2009–\u20098:00\u202fPM', 'Sunday: 10:00\u202fAM\u2009–\u20096:00\u202fPM']"
138,Hilotown Hale,ChIJAfrfl1VLUnkR1FiExbtLccg,"387 Wailuku Drive, Hilo","{'lat': 19.7246044, 'lng': -155.09198}",OPERATIONAL,"['lodging', 'point_of_interest', 'establishment']",,,,,4.8,8.0,,,,,,,,lodging,Hilotown Hale,,
139,Hot Dog on a Stick,ChIJe_fLwBJLUnkRlQPoiWXEsmE,"111 East Puainako Street Space #428, Hilo","{'lat': 19.6976777, 'lng': -155.0632962}",OPERATIONAL,"['restaurant', 'food', 'point_of_interest', 'establishment']",,,,1.0,3.7,42.0,,,,,,,,restaurant,Hot Dog on a Stick,"[{'close': {'day': 0, 'time': '1800'}, 'open': {'day': 0, 'time': '1000'}}, {'close': {'day': 1, 'time': '1900'}, 'open': {'day': 1, 'time': '1000'}}, {'close': {'day': 2, 'time': '1900'}, 'open': {'day': 2, 'time': '1000'}}, {'close': {'day': 3, 'time': '1900'}, 'open': {'day': 3, 'time': '1000'}}, {'close': {'day': 4, 'time': '1900'}, 'open': {'day': 4, 'time': '1000'}}, {'close': {'day': 5, 'time': '1800'}, 'open': {'day': 5, 'time': '1000'}}, {'close': {'day': 6, 'time': '2000'}, 'open': {'day': 6, 'time': '1000'}}]","['Monday: 10:00\u202fAM\u2009–\u20097:00\u202fPM', 'Tuesday: 10:00\u202fAM\u2009–\u20097:00\u202fPM', 'Wednesday: 10:00\u202fAM\u2009–\u20097:00\u202fPM', 'Thursday: 10:00\u202fAM\u2009–\u20097:00\u202fPM', 'Friday: 10:00\u202fAM\u2009–\u20096:00\u202fPM', 'Saturday: 10:00\u202fAM\u2009–\u20098:00\u202fPM', 'Sunday: 10:00\u202fAM\u2009–\u20096:00\u202fPM']"
140,Kumon Math and Reading Center of WAIAKEA,ChIJjdlgSVFLUnkRNghORfnCrec,"172 Kapiolani Street Room 6, Hilo","{'lat': 19.7196068, 'lng': -155.0886798}",OPERATIONAL,"['point_of_interest', 'establishment']",,,,,,,,,,,,,,point_of_interest,Kumon Math and Reading Center of WAIAKEA,"[{'close': {'day': 1, 'time': '1830'}, 'open': {'day': 1, 'time': '1430'}}, {'close': {'day': 4, 'time': '1830'}, 'open': {'day': 4, 'time': '1430'}}]","['Monday: 2:30\u2009–\u20096:30\u202fPM', 'Tuesday: Closed', 'Wednesday: Closed', 'Thursday: 2:30\u2009–\u20096:30\u202fPM', 'Friday: Closed', 'Saturday: Closed', 'Sunday: Closed']"
141,Pacific Tsunami Museum,ChIJMxZ-LahMUnkRLpWx6b627QA,"130 Kamehameha Avenue, Hilo","{'lat': 19.7259466, 'lng': -155.0866304}",OPERATIONAL,"['museum', 'tourist_attraction', 'point_of_interest', 'establishment']",,,,,4.4,325.0,,,,,,,,museum,Pacific Tsunami Museum,"[{'close': {'day': 2, 'time': '1600'}, 'open': {'day': 2, 'time': '1000'}}, {'close': {'day': 3, 'time': '1600'}, 'open': {'day': 3, 'time': '1000'}}, {'close': {'day': 4, 'time': '1600'}, 'open': {'day': 4, 'time': '1000'}}, {'close': {'day': 5, 'time': '1600'}, 'open': {'day': 5, 'time': '1000'}}, {'close': {'day': 6, 'time': '1600'}, 'open': {'day': 6, 'time': '1000'}}]","['Monday: Closed', 'Tuesday: 10:00\u202fAM\u2009–\u20094:00\u202fPM', 'Wednesday: 10:00\u202fAM\u2009–\u20094:00\u202fPM', 'Thursday: 10:00\u202fAM\u2009–\u20094:00\u202fPM', 'Friday: 10:00\u202fAM\u2009–\u20094:00\u202fPM', 'Saturday: 10:00\u202fAM\u2009–\u20094:00\u202fPM', 'Sunday: Closed']"
142,American Eagle Store,ChIJ____DxNLUnkR_8ZMCogAzyI,"111 Puainako Street #752, Hilo","{'lat': 19.697295, 'lng': -155.063187}",OPERATIONAL,"['clothing_store', 'store', 'point_of_interest', 'establishment']",,,,2.0,4.5,14.0,,,,,,,,clothing_store,American Eagle Store,"[{'close': {'day': 0, 'time': '1800'}, 'open': {'day': 0, 'time': '1000'}}, {'close': {'day': 1, 'time': '1900'}, 'open': {'day': 1, 'time': '1000'}}, {'close': {'day': 2, 'time': '1900'}, 'open': {'day': 2, 'time': '1000'}}, {'close': {'day': 3, 'time': '1900'}, 'open': {'day': 3, 'time': '1000'}}, {'close': {'day': 4, 'time': '1900'}, 'open': {'day': 4, 'time': '1000'}}, {'close': {'day': 5, 'time': '2000'}, 'open': {'day': 5, 'time': '1000'}}, {'close': {'day': 6, 'time': '2000'}, 'open': {'day': 6, 'time': '1000'}}]","['Monday: 10:00\u202fAM\u2009–\u20097:00\u202fPM', 'Tuesday: 10:00\u202fAM\u2009–\u20097:00\u202fPM', 'Wednesday: 10:00\u202fAM\u2009–\u20097:00\u202fPM', 'Thursday: 10:00\u202fAM\u2009–\u20097:00\u202fPM', 'Friday: 10:00\u202fAM\u2009–\u20098:00\u202fPM', 'Saturday: 10:00\u202fAM\u2009–\u20098:00\u202fPM', 'Sunday: 10:00\u202fAM\u2009–\u20096:00\u202fPM']"
143,Hilo - Car Transport,ChIJe_fLwBJLUnkRGuBz3rq0sqY,"111 Puainako Street, Hilo","{'lat': 19.697112, 'lng': -155.063435}",CLOSED_TEMPORARILY,"['moving_company', 'point_of_interest', 'establishment']",,,,,,,,,,,,,,moving_company,Hilo - Car Transport,,
144,Cafe Pesto Hilo Bay,ChIJ1fgg61dLUnkRfeJrovG6W8M,"308 Kamehameha Avenue #101, Hilo","{'lat': 19.723735, 'lng': -155.0850148}",OPERATIONAL,"['restaurant', 'cafe', 'food', 'point_of_interest', 'establishment']",,,,2.0,4.4,1938.0,,,,,,,,restaurant,Cafe Pesto Hilo Bay,"[{'close': {'day': 0, 'time': '2030'}, 'open': {'day': 0, 'time': '1100'}}, {'close': {'day': 1, 'time': '2030'}, 'open': {'day': 1, 'time': '1100'}}, {'close': {'day': 2, 'time': '2030'}, 'open': {'day': 2, 'time': '1100'}}, {'close': {'day': 3, 'time': '2030'}, 'open': {'day': 3, 'time': '1100'}}, {'close': {'day': 4, 'time': '2030'}, 'open': {'day': 4, 'time': '1100'}}, {'close': {'day': 5, 'time': '2030'}, 'open': {'day': 5, 'time': '1100'}}, {'close': {'day': 6, 'time': '2030'}, 'open': {'day': 6, 'time': '1100'}}]","['Monday: 11:00\u202fAM\u2009–\u20098:30\u202fPM', 'Tuesday: 11:00\u202fAM\u2009–\u20098:30\u202fPM', 'Wednesday: 11:00\u202fAM\u2009–\u20098:30\u202fPM', 'Thursday: 11:00\u202fAM\u2009–\u20098:30\u202fPM', 'Friday: 11:00\u202fAM\u2009–\u20098:30\u202fPM', 'Saturday: 11:00\u202fAM\u2009–\u20098:30\u202fPM', 'Sunday: 11:00\u202fAM\u2009–\u20098:30\u202fPM']"
145,Zumiez,ChIJMVY-ARNLUnkRJwLzqbTs82Y,"111 Puainako Street #555, Hilo","{'lat': 19.6970897, 'lng': -155.0638617}",OPERATIONAL,"['clothing_store', 'shoe_store', 'store', 'point_of_interest', 'establishment']",,,,2.0,4.3,30.0,,,,,,,,clothing_store,Zumiez,"[{'close': {'day': 0, 'time': '1800'}, 'open': {'day': 0, 'time': '1000'}}, {'close': {'day': 1, 'time': '1900'}, 'open': {'day': 1, 'time': '1000'}}, {'close': {'day': 2, 'time': '1900'}, 'open': {'day': 2, 'time': '1000'}}, {'close': {'day': 3, 'time': '1900'}, 'open': {'day': 3, 'time': '1000'}}, {'close': {'day': 4, 'time': '1900'}, 'open': {'day': 4, 'time': '1000'}}, {'close': {'day': 5, 'time': '2000'}, 'open': {'day': 5, 'time': '1000'}}, {'close': {'day': 6, 'time': '2000'}, 'open': {'day': 6, 'time': '1000'}}]","['Monday: 10:00\u202fAM\u2009–\u20097:00\u202fPM', 'Tuesday: 10:00\u202fAM\u2009–\u20097:00\u202fPM', 'Wednesday: 10:00\u202fAM\u2009–\u20097:00\u202fPM', 'Thursday: 10:00\u202fAM\u2009–\u20097:00\u202fPM', 'Friday: 10:00\u202fAM\u2009–\u20098:00\u202fPM', 'Saturday: 10:00\u202fAM\u2009–\u20098:00\u202fPM', 'Sunday: 10:00\u202fAM\u2009–\u20096:00\u202fPM']"
146,American Savings Bank,ChIJeeX_aVlLUnkRNHBapbNDTvo,"100 Pauahi Street, Hilo","{'lat': 19.719744, 'lng': -155.0799666}",OPERATIONAL,"['bank', 'atm', 'finance', 'point_of_interest', 'establishment']",,,,,4.3,12.0,,,,,,,,bank,American Savings Bank,"[{'close': {'day': 1, 'time': '1700'}, 'open': {'day': 1, 'time': '0800'}}, {'close': {'day': 2, 'time': '1700'}, 'open': {'day': 2, 'time': '0800'}}, {'close': {'day': 3, 'time': '1700'}, 'open': {'day': 3, 'time': '0800'}}, {'close': {'day': 4, 'time': '1700'}, 'open': {'day': 4, 'time': '0800'}}, {'close': {'day': 5, 'time': '1800'}, 'open': {'day': 5, 'time': '0800'}}, {'close': {'day': 6, 'time': '1300'}, 'open': {'day': 6, 'time': '0900'}}]","['Monday: 8:00\u202fAM\u2009–\u20095:00\u202fPM', 'Tuesday: 8:00\u202fAM\u2009–\u20095:00\u202fPM', 'Wednesday: 8:00\u202fAM\u2009–\u20095:00\u202fPM', 'Thursday: 8:00\u202fAM\u2009–\u20095:00\u202fPM', 'Friday: 8:00\u202fAM\u2009–\u20096:00\u202fPM', 'Saturday: 9:00\u202fAM\u2009–\u20091:00\u202fPM', 'Sunday: Closed']"
147,The Inn at Kulaniapia Falls,ChIJP3XvbdJMUnkRX2Sw-54YxZY,"100 Kulaniapia Drive, Hilo","{'lat': 19.723564, 'lng': -155.134924}",OPERATIONAL,"['lodging', 'point_of_interest', 'establishment']",,,,,4.5,223.0,,,,,,,,lodging,The Inn at Kulaniapia Falls,"[{'close': {'day': 0, 'time': '2100'}, 'open': {'day': 0, 'time': '0700'}}, {'close': {'day': 1, 'time': '2100'}, 'open': {'day': 1, 'time': '0700'}}, {'close': {'day': 2, 'time': '2100'}, 'open': {'day': 2, 'time': '0700'}}, {'close': {'day': 3, 'time': '2100'}, 'open': {'day': 3, 'time': '0700'}}, {'close': {'day': 4, 'time': '2100'}, 'open': {'day': 4, 'time': '0700'}}, {'close': {'day': 5, 'time': '2100'}, 'open': {'day': 5, 'time': '0700'}}, {'close': {'day': 6, 'time': '2100'}, 'open': {'day': 6, 'time': '0700'}}]","['Monday: 7:00\u202fAM\u2009–\u20099:00\u202fPM', 'Tuesday: 7:00\u202fAM\u2009–\u20099:00\u202fPM', 'Wednesday: 7:00\u202fAM\u2009–\u20099:00\u202fPM', 'Thursday: 7:00\u202fAM\u2009–\u20099:00\u202fPM', 'Friday: 7:00\u202fAM\u2009–\u20099:00\u202fPM', 'Saturday: 7:00\u202fAM\u2009–\u20099:00\u202fPM', 'Sunday: 7:00\u202fAM\u2009–\u20099:00\u202fPM']"
148,Hawaii State Bar Association,ChIJZcKu36tMUnkRitRXWUOc_Pw,Hilo,"{'lat': 19.7297152, 'lng': -155.0900154}",OPERATIONAL,"['point_of_interest', 'establishment']",,,,,,,,,,,,,,point_of_interest,Hawaii State Bar Association,,
149,Richardson Ocean Park,ChIJ5TIK7hdMUnkRGkZ2LzC3lMk,"2355 Kalanianaole Street, Hilo","{'lat': 19.735784, 'lng': -155.013314}",OPERATIONAL,"['park', 'tourist_attraction', 'point_of_interest', 'establishment']",,,,,4.6,2178.0,,,,,,,,park,Richardson Ocean Park,"[{'close': {'day': 0, 'time': '1930'}, 'open': {'day': 0, 'time': '0730'}}, {'close': {'day': 1, 'time': '1930'}, 'open': {'day': 1, 'time': '0730'}}, {'close': {'day': 2, 'time': '1930'}, 'open': {'day': 2, 'time': '0730'}}, {'close': {'day': 3, 'time': '1930'}, 'open': {'day': 3, 'time': '0730'}}, {'close': {'day': 4, 'time': '1930'}, 'open': {'day': 4, 'time': '0730'}}, {'close': {'day': 5, 'time': '1930'}, 'open': {'day': 5, 'time': '0730'}}, {'close': {'day': 6, 'time': '1930'}, 'open': {'day': 6, 'time': '0730'}}]","['Monday: 7:30\u202fAM\u2009–\u20097:30\u202fPM', 'Tuesday: 7:30\u202fAM\u2009–\u20097:30\u202fPM', 'Wednesday: 7:30\u202fAM\u2009–\u20097:30\u202fPM', 'Thursday: 7:30\u202fAM\u2009–\u20097:30\u202fPM', 'Friday: 7:30\u202fAM\u2009–\u20097:30\u202fPM', 'Saturday: 7:30\u202fAM\u2009–\u20097:30\u202fPM', 'Sunday: 7:30\u202fAM\u2009–\u20097:30\u202fPM']"
150,HIC Hawaiian Island Creations,ChIJMVY-ARNLUnkRL2hDKZVMSog,"111 Puainako Street #638, Hilo","{'lat': 19.6970172, 'lng': -155.0635853}",OPERATIONAL,"['clothing_store', 'store', 'point_of_interest', 'establishment']",,,,,4.5,4.0,,,,,,,,clothing_store,HIC Hawaiian Island Creations,"[{'close': {'day': 1, 'time': '0600'}, 'open': {'day': 0, 'time': '1000'}}, {'close': {'day': 1, 'time': '1900'}, 'open': {'day': 1, 'time': '1000'}}, {'close': {'day': 2, 'time': '1900'}, 'open': {'day': 2, 'time': '1000'}}, {'close': {'day': 3, 'time': '1900'}, 'open': {'day': 3, 'time': '1000'}}, {'close': {'day': 4, 'time': '1900'}, 'open': {'day': 4, 'time': '1000'}}, {'close': {'day': 5, 'time': '2000'}, 'open': {'day': 5, 'time': '1000'}}, {'close': {'day': 6, 'time': '2000'}, 'open': {'day': 6, 'time': '1000'}}]","['Monday: 10:00\u202fAM\u2009–\u20097:00\u202fPM', 'Tuesday: 10:00\u202fAM\u2009–\u20097:00\u202fPM', 'Wednesday: 10:00\u202fAM\u2009–\u20097:00\u202fPM', 'Thursday: 10:00\u202fAM\u2009–\u20097:00\u202fPM', 'Friday: 10:00\u202fAM\u2009–\u20098:00\u202fPM', 'Saturday: 10:00\u202fAM\u2009–\u20098:00\u202fPM', 'Sunday: 10:00\u202fAM\u2009–\u20096:00\u202fAM']"
151,Hawaii Lava Tours,ChIJmxO-UZlMUnkR7SW8BnMv67w,"71 Banyan Drive, Hilo","{'lat': 19.7282558, 'lng': -155.0666259}",CLOSED_TEMPORARILY,"['travel_agency', 'point_of_interest', 'establishment']",,,,,5.0,1.0,,,,,,,,travel_agency,Hawaii Lava Tours,,
