Original_Index,Name,Longitude,Latitude,Daily_Pickup_Totes,Weekly_Dropoff_Totes,user_ratings_total,category,rating,weekly_high,weekly_low,best_weekly_estimate,Address,geometry,Adoption,Adoption Guess,Visited ,Influence,location_type,pickup_type,id,Capacity,Route,Route Stop Number,Cumulative_Distance,Truck_Load
0,Moody Gardens,-94.8523,29.2736,0,0,,,,,,,,,,,,,depot,Truck,,60,0-0,1,0,60
118,Shearn's Seafood and Prime Steaks,-94.85046387,29.27082677,1,1,110.0,restaurant,4.0,0,0,93.75,"7 Hope Blvd Galveston, TX 77554",POINT (-94.8504638671875 29.270826769182),Skeptical,Med,No,High,indoor,Truck,,1,0-0,2,468,61
116,Tremont House Hotel,-94.84080613,29.27219042,1,1,1.0,restaurant,2.0,300,200,300,"2300 Mechanic st Galveston, TX 77550",POINT (-94.8408061274375 29.2721904155014),Curious,Med,Yes,High,indoor,Truck,,-1,0-0,3,1801,60
116,Tremont House Hotel,-94.84080613,29.27219042,1,1,1.0,restaurant,2.0,300,200,300,"2300 Mechanic st Galveston, TX 77550",POINT (-94.8408061274375 29.2721904155014),Curious,Med,Yes,High,indoor,Truck,,1,0-0,4,1801,61
248,,-94.84125378845,29.2724794692196,1,0,,,,,,,,,,,,,outdoor,Truck,3027.0,1,0-0,5,1848,62
123,Number 13 Prime Steak and Seafood,-94.8575356,29.2850878,1,1,1058.0,bar,4.5,75,25,75,"7809 Broadway Street, Galveston",POINT (-94.8575356 29.2850878),Hesitant,Med,No,High,indoor,Truck,,-1,0-0,6,1848,61
123,Number 13 Prime Steak and Seafood,-94.8575356,29.2850878,1,1,1058.0,bar,4.5,75,25,75,"7809 Broadway Street, Galveston",POINT (-94.8575356 29.2850878),Hesitant,Med,No,High,indoor,Truck,,1,0-0,7,1848,62
18,Galveston Country club,-94.8627,29.28896,1,1,88.0,restaurant,4.5,500,100,500,"14888 Stewart rd Galveston, TX 77554",POINT (-94.8627 29.28896),Curious,High,Yes,Med,indoor,Truck,,-1,0-0,8,1848,61
18,Galveston Country club,-94.8627,29.28896,1,1,88.0,restaurant,4.5,500,100,500,"14888 Stewart rd Galveston, TX 77554",POINT (-94.8627 29.28896),Curious,High,Yes,Med,indoor,Truck,,1,0-0,9,1848,62
63,Britton's Bistro (Murdocks),-94.81892221,29.3131588,2,1,2.0,restaurant,4.5,,,750,"2226 71st St Galveston, TX 77551",POINT (-94.8189222054326 29.3131588001007),Curious,Med,No,Med,indoor,Truck,,-1,0-0,10,1848,61
63,Britton's Bistro (Murdocks),-94.81892221,29.3131588,2,1,2.0,restaurant,4.5,,,750,"2226 71st St Galveston, TX 77551",POINT (-94.8189222054326 29.3131588001007),Curious,Med,No,Med,indoor,Truck,,2,0-0,11,1848,63
5,Coastal Grill,-94.789455,29.308158,1,1,814.0,restaurant,4.6,500,100,500,"1827 The Strand, Galveston",POINT (-94.789455 29.308158),Skeptical,High,No,Med,indoor,Truck,,-1,0-0,12,1848,62
80,The Poop Deck,-94.7955743,29.2852319,1,1,235.0,bar,4.5,10000,500,10000,"2928 Seawall Boulevard, Galveston",POINT (-94.7955743 29.2852319),Skeptical,Med,No,Low,indoor,Truck,,-1,0-0,13,2153,61
80,The Poop Deck,-94.7955743,29.2852319,1,1,235.0,bar,4.5,10000,500,10000,"2928 Seawall Boulevard, Galveston",POINT (-94.7955743 29.2852319),Skeptical,Med,No,Low,indoor,Truck,,1,0-0,14,2153,62
235,,-94.79283633899044,29.28645386043989,1,0,,,,,,,,,,,,,outdoor,Truck,3014.0,1,0-0,15,2454,63
236,,-94.78918032046477,29.289013989903104,1,0,,,,,,,,,,,,,outdoor,Truck,3015.0,1,0-0,16,2908,64
149,MOD Coffeehouse,-94.7921056,29.305025,3,2,1811.0,cafe,4.7,1450,1250,1450,"2126 Postoffice St, Galveston",POINT (-94.7921056 29.305025),Skeptical,Med,Yes,Med,indoor,Truck,,-2,0-0,17,10422,62
149,MOD Coffeehouse,-94.7921056,29.305025,3,2,1811.0,cafe,4.7,1450,1250,1450,"2126 Postoffice St, Galveston",POINT (-94.7921056 29.305025),Skeptical,Med,Yes,Med,indoor,Truck,,3,0-0,18,10422,65
167,Café Canela,-94.8308258,29.2744235,1,1,412.0,restaurant,4.6,350,50,350,"6105 Stewart Road Suite C, Galveston",POINT (-94.8308258 29.2744235),Skeptical,Med,Yes,Low,indoor,Truck,,-1,0-0,19,10484,64
188,,-94.86417580978328,29.287709640220097,1,0,,,,,,,,,,,,,outdoor,Truck,1017.0,1,0-0,20,15237,65
17,Galveston College Charlie Thomas Family Applied Technology Center,-94.8567631,29.2876496,3,2,9.0,university,5.0,0,0,1875,"7626 Broadway Street, Galveston",POINT (-94.8567631 29.2876496),Skeptical,High,No,Med,indoor,Truck,,-2,0-0,21,15237,63
17,Galveston College Charlie Thomas Family Applied Technology Center,-94.8567631,29.2876496,3,2,9.0,university,5.0,0,0,1875,"7626 Broadway Street, Galveston",POINT (-94.8567631 29.2876496),Skeptical,High,No,Med,indoor,Truck,,3,0-0,22,15237,66
6,Texas A&M University at Galveston,-94.8182868,29.3154967,1,1,121.0,university,4.6,?,,?,"200 Seawolf Parkway, Galveston",POINT (-94.8182868 29.3154967),Curious,High,No,High,indoor,Truck,,-1,0-0,23,15237,65
250,,-94.77960042237318,29.33442883012103,1,0,,,,,,,,,,,,,outdoor,Truck,3029.0,1,0-0,24,19964,66
157,Huli Huli Hut,-94.7892355,29.3071699,2,1,1766.0,restaurant,4.3,175,25,175,"312 19th Street, Galveston",POINT (-94.7892355 29.3071699),Skeptical,Med,Yes,Low,indoor,Truck,,-1,0-0,25,19964,65
5,Coastal Grill,-94.789455,29.308158,1,1,814.0,restaurant,4.6,500,100,500,"1827 The Strand, Galveston",POINT (-94.789455 29.308158),Skeptical,High,No,Med,indoor,Truck,,1,0-0,26,20098,66
34,Cruise Plaza,-94.7897517,29.3090318,1,1,82.0,restaurant,4.2,140,70,140,"112 19th Street, Galveston",POINT (-94.7897517 29.3090318),Skeptical,Med,No,Low,indoor,Truck,,1,0-0,27,20199,67
200,,-94.77687451055668,29.317084188399047,1,0,,,,,,,,,,,,,outdoor,Truck,2008.0,1,0-0,28,22796,68
37,Benno's Cajun Seafood Restaurant,-94.7781673,29.2981818,1,1,3094.0,restaurant,4.1,500,100,500,"1212 Seawall Boulevard, Galveston",POINT (-94.7781673 29.2981818),Skeptical,Med,No,Med,indoor,Truck,,-1,0-0,29,22796,67
195,,-94.77228403555635,29.304348273085257,1,0,,,,,,,,,,,,,outdoor,Truck,2003.0,1,0-0,30,23687,68
171,,-94.77293767650016,29.327492480392152,1,0,,,,,,,,,,,,,outdoor,Truck,1000.0,1,0-0,31,26448,69
129,Lone Star Rally-Bar Hq,-94.7755315,29.3015921,1,1,6.0,bar,4.0,,,140.625,"910 Avenue M, Galveston",POINT (-94.7755315 29.3015921),Curious,Med,No,Med,indoor,Truck,,-1,0-0,32,26448,68
129,Lone Star Rally-Bar Hq,-94.7755315,29.3015921,1,1,6.0,bar,4.0,,,140.625,"910 Avenue M, Galveston",POINT (-94.7755315 29.3015921),Curious,Med,No,Med,indoor,Truck,,1,0-0,33,26448,69
224,,-94.7449019143859,29.32322311143816,1,0,,,,,,,,,,,,,outdoor,Truck,3003.0,1,0-0,34,30588,70
20,Galveston Bagel Company,-94.7913851,29.2989118,1,1,140.0,bakery,4.7,2100,1750,2100,"1110 23rd Street, Galveston",POINT (-94.7913851 29.2989118),Curious,High,Yes,Low,indoor,Truck,,-1,0-0,35,30588,69
174,,-94.80622984152676,29.3066150729322,1,0,,,,,,,,,,,,,outdoor,Truck,1003.0,1,0-0,36,32901,70
28,The Sunflower Bakery & Cafe,-94.7829794,29.3070498,1,1,3947.0,cafe,4.6,350,350,350,"512 14th Street, Galveston",POINT (-94.7829794 29.3070498),Skeptical,High,Yes,High,indoor,Truck,,-1,0-0,37,32901,69
177,,-94.78134476729088,29.3123833091588,1,0,,,,,,,,,,,,,outdoor,Truck,1006.0,1,0-0,38,34312,70
52,Galvez Bar & Grill,-94.7863059,29.2928214,1,1,505.0,restaurant,4.3,415,210,415,"2024 Seawall Boulevard, Galveston",POINT (-94.7863059 29.2928214),Skeptical,Med,No,Med,indoor,Truck,,-1,0-0,39,34312,69
52,Galvez Bar & Grill,-94.7863059,29.2928214,1,1,505.0,restaurant,4.3,415,210,415,"2024 Seawall Boulevard, Galveston",POINT (-94.7863059 29.2928214),Skeptical,Med,No,Med,indoor,Truck,,1,0-0,40,34312,70
43,Longboard Pool Bar,-94.7828729,29.2944602,1,1,292.0,bar,4.1,,,140.625,"1702 Seawall Boulevard, Galveston",POINT (-94.7828729 29.2944602),Skeptical,Med,No,High,indoor,Truck,,1,0-0,41,34766,71
225,,-94.76572801010091,29.30764081524064,1,0,,,,,,,,,,,,,outdoor,Truck,3004.0,1,0-0,42,38227,72
21,Shykatz,-94.7832253,29.3005619,2,1,930.0,cafe,4.6,800,500,800,"1528 Avenue L, Galveston",POINT (-94.7832253 29.3005619),Curious,High,Yes,Med,indoor,Truck,,-1,0-0,43,38227,71
21,Shykatz,-94.7832253,29.3005619,2,1,930.0,cafe,4.6,800,500,800,"1528 Avenue L, Galveston",POINT (-94.7832253 29.3005619),Curious,High,Yes,Med,indoor,Truck,,2,0-0,44,38227,73
194,,-94.78149423839945,29.303174485909715,1,0,,,,,,,,,,,,,outdoor,Truck,2002.0,1,0-0,45,38863,74
182,,-94.78196938671564,29.303024858193197,1,0,,,,,,,,,,,,,outdoor,Truck,1011.0,1,0-0,46,38916,75
30,PattyCakes Bakery,-94.78242,29.3054245,1,1,317.0,bakery,4.2,0,0,150,"704 14th Street, Galveston",POINT (-94.78242 29.3054245),Fan,High,Yes,High,indoor,Truck,,1,0-0,47,39213,76
50,Hubcap Grill,-94.791623,29.3076238,1,1,1268.0,bar,4.3,420,140,420,"2021 The Strand #3, Galveston",POINT (-94.791623 29.3076238),Skeptical,Med,No,Med,indoor,Truck,,-1,0-0,48,39213,75
50,Hubcap Grill,-94.791623,29.3076238,1,1,1268.0,bar,4.3,420,140,420,"2021 The Strand #3, Galveston",POINT (-94.791623 29.3076238),Skeptical,Med,No,Med,indoor,Truck,,1,0-0,49,39213,76
161,Papa's Pizza,-94.80952,29.2765,5,4,475.0,restaurant,4.0,3000,500,3000,"4400 Seawall Blvd Galveston, TX 77550",POINT (-94.80952 29.2765),Skeptical,Med,Yes,High,indoor,Truck,,-4,0-0,50,39213,72
161,Papa's Pizza,-94.80952,29.2765,5,4,475.0,restaurant,4.0,3000,500,3000,"4400 Seawall Blvd Galveston, TX 77550",POINT (-94.80952 29.2765),Skeptical,Med,Yes,High,indoor,Truck,,5,0-0,51,39213,77
201,,-94.82198101001254,29.275166318239137,1,0,,,,,,,,,,,,,outdoor,Truck,2009.0,1,0-0,52,40567,78
207,,-94.8254596884219,29.294467025132217,1,0,,,,,,,,,,,,,outdoor,Truck,2015.0,1,0-0,53,42993,79
6,Texas A&M University at Galveston,-94.8182868,29.3154967,1,1,121.0,university,4.6,?,,?,"200 Seawolf Parkway, Galveston",POINT (-94.8182868 29.3154967),Curious,High,No,High,indoor,Truck,,1,0-0,54,46743,80
144,The Original Mexican Cafe,-94.7836077,29.3079298,1,1,2901.0,restaurant,4.3,1015,145,1015,"1401 Market Street, Galveston",POINT (-94.7836077 29.3079298),Skeptical,Med,Yes,Low,indoor,Truck,,-1,0-0,55,46743,79
144,The Original Mexican Cafe,-94.7836077,29.3079298,1,1,2901.0,restaurant,4.3,1015,145,1015,"1401 Market Street, Galveston",POINT (-94.7836077 29.3079298),Skeptical,Med,Yes,Low,indoor,Truck,,1,0-0,56,46743,80
36,Mr. Taco,-94.7909307,29.308418,1,1,,restaurant,,0,0,93.75,"120 20th Street, Galveston",POINT (-94.7909307 29.308418),Curious,Med,No,Low,indoor,Truck,,-1,0-0,57,47035,79
36,Mr. Taco,-94.7909307,29.308418,1,1,,restaurant,,0,0,93.75,"120 20th Street, Galveston",POINT (-94.7909307 29.308418),Curious,Med,No,Low,indoor,Truck,,1,0-0,58,47035,80
186,,-94.79104994247152,29.308214480020617,1,0,,,,,,,,,,,,,outdoor,Bike,1015.0,1,0-0,59,47053,81
121,Marina Bar & Grill,-94.777354,29.3174591,1,1,530.0,bar,4.3,350,50,350,"715 North Holiday Drive, Galveston",POINT (-94.777354 29.3174591),Oppositional,Med,No,Med,indoor,Truck,,-1,0-0,60,47221,80
121,Marina Bar & Grill,-94.777354,29.3174591,1,1,530.0,bar,4.3,350,50,350,"715 North Holiday Drive, Galveston",POINT (-94.777354 29.3174591),Oppositional,Med,No,Med,indoor,Truck,,1,0-0,61,47221,81
40,Saltgrass Steak House,-94.7808646,29.296032,1,1,3775.0,restaurant,4.4,,,656.25,"1502 Seawall Boulevard, Galveston",POINT (-94.7808646 29.296032),Skeptical,Med,No,High,indoor,Truck,,-1,0-0,62,47221,80
40,Saltgrass Steak House,-94.7808646,29.296032,1,1,3775.0,restaurant,4.4,,,656.25,"1502 Seawall Boulevard, Galveston",POINT (-94.7808646 29.296032),Skeptical,Med,No,High,indoor,Truck,,1,0-0,63,47221,81
4,Porch Cafe,-94.7501916,29.3195806,1,1,332.0,restaurant,4.1,300,,100,"1625 East Beach Drive #2A, Galveston",POINT (-94.7501916 29.3195806),Curious,High,No,Low,indoor,Truck,,1,0-0,64,51659,82
223,,-94.74227712140768,29.32605153615685,1,0,,,,,,,,,,,,,outdoor,Truck,3002.0,1,0-0,65,52798,83
32,galveston vfw hall,-94.7925989,29.2990826,1,1,18.0,restaurant,4.8,,,93.75,"1014 24th Street Rear, Galveston",POINT (-94.7925989 29.2990826),Skeptical,Med,No,Low,indoor,Truck,,-1,0-0,66,52798,82
32,galveston vfw hall,-94.7925989,29.2990826,1,1,18.0,restaurant,4.8,,,93.75,"1014 24th Street Rear, Galveston",POINT (-94.7925989 29.2990826),Skeptical,Med,No,Low,indoor,Truck,,1,0-0,67,52798,83
179,,-94.7932658871674,29.301064005835528,1,0,,,,,,,,,,,,,outdoor,Bike,1008.0,1,0-0,68,53129,84
176,,-94.79850319363544,29.308164157460592,1,0,,,,,,,,,,,,,outdoor,Bike,1005.0,1,0-0,69,54469,85
30,PattyCakes Bakery,-94.78242,29.3054245,1,1,317.0,bakery,4.2,0,0,150,"704 14th Street, Galveston",POINT (-94.78242 29.3054245),Fan,High,Yes,High,indoor,Truck,,-1,0-0,70,54469,84
119,Rice & Curry Indo-Pak Cuisine,-94.7743744,29.30747,1,1,759.0,restaurant,3.0,70,10,70,"712 7th Street, Galveston",POINT (-94.7743744 29.30747),Curious,Med,No,Low,indoor,Truck,,1,0-0,71,55282,85
192,,-94.77345456833449,29.31011047969046,1,0,,,,,,,,,,,,,outdoor,Truck,2000.0,1,0-0,72,55716,86
54,Taquilo's Tex-Mex,-94.791404,29.3049299,2,1,1427.0,restaurant,4.3,420,140,420,"2101 Postoffice St, Galveston",POINT (-94.791404 29.3049299),Skeptical,Med,No,High,indoor,Truck,,-1,0-0,73,55716,85
8,Vargas Cut and Catch (listed above),-94.7913854,29.3052268,1,1,297.0,bar,4.8,35,49,35,"2102 Postoffice Street, Galveston",POINT (-94.7913854 29.3052268),Curious,High,No,High,indoor,Truck,,1,0-0,74,55755,86
185,,-94.79216796262608,29.30762661449017,1,0,,,,,,,,,,,,,outdoor,Bike,1014.0,1,0-0,75,56031,87
74,Bubba Gump Shrimp Co.,-94.790157,29.28785,1,1,6587.0,restaurant,4.0,140,20,140,"2501 Seawall Boulevard, Galveston",POINT (-94.790157 29.28785),Skeptical,Med,No,High,indoor,Truck,,-1,0-0,76,56191,86
74,Bubba Gump Shrimp Co.,-94.790157,29.28785,1,1,6587.0,restaurant,4.0,140,20,140,"2501 Seawall Boulevard, Galveston",POINT (-94.790157 29.28785),Skeptical,Med,No,High,indoor,Truck,,1,0-0,77,56191,87
237,,-94.7855794129526,29.291804838061307,1,0,,,,,,,,,,,,,outdoor,Truck,3016.0,1,0-0,78,56814,88
238,,-94.78168618656736,29.29478947063417,1,0,,,,,,,,,,,,,outdoor,Truck,3017.0,1,0-0,79,57317,89
229,,-94.77754696577183,29.298333179256616,1,0,,,,,,,,,,,,,outdoor,Truck,3008.0,1,0-0,80,57874,90
228,,-94.7692474874237,29.305082322225285,1,0,,,,,,,,,,,,,outdoor,Truck,3007.0,1,0-0,81,58964,91
226,,-94.76679385290824,29.306890391999296,1,0,,,,,,,,,,,,,outdoor,Truck,3005.0,1,0-0,82,59412,92
164,Russo's New York Pizzeria & Italian Kitchen - Galveston,-94.7717454,29.3070053,1,1,1319.0,restaurant,4.3,210,30,210,"500 Seawall Boulevard #300, Galveston",POINT (-94.7717454 29.3070053),Skeptical,Med,Yes,Low,indoor,Truck,,-1,0-0,83,59412,91
164,Russo's New York Pizzeria & Italian Kitchen - Galveston,-94.7717454,29.3070053,1,1,1319.0,restaurant,4.3,210,30,210,"500 Seawall Boulevard #300, Galveston",POINT (-94.7717454 29.3070053),Skeptical,Med,Yes,Low,indoor,Truck,,1,0-0,84,59412,92
227,,-94.767950723184,29.306065117409027,1,0,,,,,,,,,,,,,outdoor,Truck,3006.0,1,0-0,85,59985,93
119,Rice & Curry Indo-Pak Cuisine,-94.7743744,29.30747,1,1,759.0,restaurant,3.0,70,10,70,"712 7th Street, Galveston",POINT (-94.7743744 29.30747),Curious,Med,No,Low,indoor,Truck,,-1,0-0,86,59985,92
193,,-94.77255791424268,29.30692299243964,1,0,,,,,,,,,,,,,outdoor,Truck,2001.0,1,0-0,87,60235,93
196,,-94.77061008567384,29.307855191372283,1,0,,,,,,,,,,,,,outdoor,Truck,2004.0,1,0-0,88,60475,94
56,Little Daddy’s Gumbo Bar - Galveston,-94.7914734,29.304882,1,1,1634.0,restaurant,4.5,1050,175,1050,"2107 Postoffice Street, Galveston",POINT (-94.7914734 29.304882),Skeptical,Med,No,High,indoor,Truck,,-1,0-0,89,60475,93
96,Nick's Kitchen and Beach Bar,-94.8040028,29.2797917,1,1,3609.0,restaurant,4.2,,,656.25,"3802 Seawall Boulevard, Galveston",POINT (-94.8040028 29.2797917),Skeptical,Med,No,High,indoor,Truck,,-1,0-0,90,60798,92
96,Nick's Kitchen and Beach Bar,-94.8040028,29.2797917,1,1,3609.0,restaurant,4.2,,,656.25,"3802 Seawall Boulevard, Galveston",POINT (-94.8040028 29.2797917),Skeptical,Med,No,High,indoor,Truck,,1,0-0,91,60798,93
34,Cruise Plaza,-94.7897517,29.3090318,1,1,82.0,restaurant,4.2,140,70,140,"112 19th Street, Galveston",POINT (-94.7897517 29.3090318),Skeptical,Med,No,Low,indoor,Truck,,-1,0-0,92,64477,92
4,Porch Cafe,-94.7501916,29.3195806,1,1,332.0,restaurant,4.1,300,,100,"1625 East Beach Drive #2A, Galveston",POINT (-94.7501916 29.3195806),Curious,High,No,Low,indoor,Truck,,-1,0-0,93,64477,91
2,MAC-IES,-94.7913851,29.2989118,1,1,73.0,restaurant,5.0,1500,1050,1500,"1110 23rd Street, Galveston",POINT (-94.7913851 29.2989118),Curious,High,No,Low,indoor,Truck,,-1,0-0,94,64477,90
58,Hey Mikey's Ice Cream,-94.79194,29.3051204,1,1,818.0,cafe,4.6,,,625,"2120 Postoffice St, Galveston",POINT (-94.79194 29.3051204),Skeptical,Med,No,High,indoor,Truck,,1,0-0,95,65296,91
56,Little Daddy’s Gumbo Bar - Galveston,-94.7914734,29.304882,1,1,1634.0,restaurant,4.5,1050,175,1050,"2107 Postoffice Street, Galveston",POINT (-94.7914734 29.304882),Skeptical,Med,No,High,indoor,Truck,,1,0-0,96,65331,92
55,Sky Bar,-94.7914472,29.3049316,1,1,378.0,restaurant,4.3,210,70,210,"2105 Postoffice St, Galveston",POINT (-94.7914472 29.3049316),Skeptical,Med,No,High,indoor,Truck,,1,0-0,97,65334,93
54,Taquilo's Tex-Mex,-94.791404,29.3049299,2,1,1427.0,restaurant,4.3,420,140,420,"2101 Postoffice St, Galveston",POINT (-94.791404 29.3049299),Skeptical,Med,No,High,indoor,Truck,,2,0-0,98,65337,95
157,Huli Huli Hut,-94.7892355,29.3071699,2,1,1766.0,restaurant,4.3,175,25,175,"312 19th Street, Galveston",POINT (-94.7892355 29.3071699),Skeptical,Med,Yes,Low,indoor,Truck,,2,0-0,99,65760,97
109,America's Kitchen,-94.7755666,29.3140986,1,1,565.0,restaurant,4.4,70,5,70,"500 Harborside Drive, Galveston",POINT (-94.7755666 29.3140986),Opp,Med,No,Low,indoor,Truck,,-1,0-0,100,65760,96
109,America's Kitchen,-94.7755666,29.3140986,1,1,565.0,restaurant,4.4,70,5,70,"500 Harborside Drive, Galveston",POINT (-94.7755666 29.3140986),Opp,Med,No,Low,indoor,Truck,,1,0-0,101,65760,97
43,Longboard Pool Bar,-94.7828729,29.2944602,1,1,292.0,bar,4.1,,,140.625,"1702 Seawall Boulevard, Galveston",POINT (-94.7828729 29.2944602),Skeptical,Med,No,High,indoor,Truck,,-1,0-0,102,65760,96
37,Benno's Cajun Seafood Restaurant,-94.7781673,29.2981818,1,1,3094.0,restaurant,4.1,500,100,500,"1212 Seawall Boulevard, Galveston",POINT (-94.7781673 29.2981818),Skeptical,Med,No,Med,indoor,Truck,,1,0-0,103,66378,97
197,,-94.74937088786088,29.31903163297094,1,0,,,,,,,,,,,,,outdoor,Truck,2005.0,1,0-0,104,70396,98
38,Bambú,-94.7909648,29.2976696,1,1,780.0,restaurant,4.5,1050,150,1050,"1220 23rd Street, Galveston",POINT (-94.7909648 29.2976696),Skeptical,Med,No,Low,indoor,Truck,,-1,0-0,105,70396,97
2,MAC-IES,-94.7913851,29.2989118,1,1,73.0,restaurant,5.0,1500,1050,1500,"1110 23rd Street, Galveston",POINT (-94.7913851 29.2989118),Curious,High,No,Low,indoor,Truck,,1,0-0,106,70539,98
208,,-94.79228185255494,29.30149614872541,1,0,,,,,,,,,,,,,outdoor,Truck,2016.0,1,0-0,107,70859,99
180,,-94.78891769107824,29.303192407402246,1,0,,,,,,,,,,,,,outdoor,Bike,1009.0,1,0-0,108,71269,100
29,Mosquito Cafe,-94.7825488,29.3057145,1,1,2625.0,restaurant,4.4,300,150,300,"628 14th Street, Galveston",POINT (-94.7825488 29.3057145),Fan,High,Yes,High,indoor,Truck,,1,0-0,109,72285,101
47,Katie's Seafood House,-94.7912952,29.3100166,1,1,3045.0,restaurant,4.6,210,35,210,"2000 Wharf Road, Galveston",POINT (-94.7912952 29.3100166),Curious,Med,No,High,indoor,Truck,,-1,0-0,110,72438,100
47,Katie's Seafood House,-94.7912952,29.3100166,1,1,3045.0,restaurant,4.6,210,35,210,"2000 Wharf Road, Galveston",POINT (-94.7912952 29.3100166),Curious,Med,No,High,indoor,Truck,,1,0-0,111,72438,101
46,Fish Company Taco,-94.7889025,29.2918404,1,1,368.0,restaurant,4.8,100,50,100,"1914 23rd Street, Galveston",POINT (-94.7889025 29.2918404),Skeptical,Med,No,Low,indoor,Truck,,-1,0-0,112,72438,100
46,Fish Company Taco,-94.7889025,29.2918404,1,1,368.0,restaurant,4.8,100,50,100,"1914 23rd Street, Galveston",POINT (-94.7889025 29.2918404),Skeptical,Med,No,Low,indoor,Truck,,1,0-0,113,72438,101
198,,-94.79125240816202,29.296987170079213,1,0,,,,,,,,,,,,,outdoor,Truck,2006.0,1,0-0,114,73079,102
38,Bambú,-94.7909648,29.2976696,1,1,780.0,restaurant,4.5,1050,150,1050,"1220 23rd Street, Galveston",POINT (-94.7909648 29.2976696),Skeptical,Med,No,Low,indoor,Truck,,1,0-0,115,73143,103
20,Galveston Bagel Company,-94.7913851,29.2989118,1,1,140.0,bakery,4.7,2100,1750,2100,"1110 23rd Street, Galveston",POINT (-94.7913851 29.2989118),Curious,High,Yes,Low,indoor,Truck,,1,0-0,116,73286,104
61,Fisherman's Wharf,-94.7936367,29.3089314,1,1,5747.0,restaurant,4.4,700,140,700,"2200 Harborside Drive, Galveston",POINT (-94.7936367 29.3089314),Skeptical,Med,No,High,indoor,Truck,,1,0-0,117,74508,105
103,Gonzalo’s American Bistro,-94.7778359,29.3090727,1,1,35.0,restaurant,5.0,700,100,700,"415 9th Street, Galveston",POINT (-94.7778359 29.3090727),Curious,Med,No,Low,indoor,Truck,,-1,0-0,118,74508,104
103,Gonzalo’s American Bistro,-94.7778359,29.3090727,1,1,35.0,restaurant,5.0,700,100,700,"415 9th Street, Galveston",POINT (-94.7778359 29.3090727),Curious,Med,No,Low,indoor,Truck,,1,0-0,119,74508,105
8,Vargas Cut and Catch (listed above),-94.7913854,29.3052268,1,1,297.0,bar,4.8,35,49,35,"2102 Postoffice Street, Galveston",POINT (-94.7913854 29.3052268),Curious,High,No,High,indoor,Truck,,-1,0-0,120,74508,104
78,Taco Cabana,-94.82903,29.27079,2,1,109.0,restaurant,2.0,2800,400,2800,"2729 61st St. Galveston, TX 77551",POINT (-94.82903 29.27079),Opp,Med,No,Low,indoor,Truck,,-1,0-0,121,74508,103
78,Taco Cabana,-94.82903,29.27079,2,1,109.0,restaurant,2.0,2800,400,2800,"2729 61st St. Galveston, TX 77551",POINT (-94.82903 29.27079),Opp,Med,No,Low,indoor,Truck,,2,0-0,122,74508,105
210,,-94.82860688351526,29.27008306635599,1,0,,,,,,,,,,,,,outdoor,Truck,2018.0,1,0-0,123,74618,106
181,,-94.8337225887035,29.292139728627397,1,0,,,,,,,,,,,,,outdoor,Truck,1010.0,1,0-0,124,77540,107
53,Willie G's Seafood & Steaks,-94.792803,29.309303,1,1,3060.0,restaurant,4.3,3500,500,3500,"2100 Harborside Drive, Galveston",POINT (-94.792803 29.309303),Skeptical,Med,No,High,indoor,Truck,,-1,0-0,125,77540,106
53,Willie G's Seafood & Steaks,-94.792803,29.309303,1,1,3060.0,restaurant,4.3,3500,500,3500,"2100 Harborside Drive, Galveston",POINT (-94.792803 29.309303),Skeptical,Med,No,High,indoor,Truck,,1,0-0,126,77540,107
160,Suki Poke by the Sea,-94.7726445,29.3106151,1,1,312.0,restaurant,4.4,,,93.75,"427 Market Street, Galveston",POINT (-94.7726445 29.3106151),Skeptical,Med,Yes,Low,indoor,Truck,,-1,0-0,127,77540,106
160,Suki Poke by the Sea,-94.7726445,29.3106151,1,1,312.0,restaurant,4.4,,,93.75,"427 Market Street, Galveston",POINT (-94.7726445 29.3106151),Skeptical,Med,Yes,Low,indoor,Truck,,1,0-0,128,77540,107
55,Sky Bar,-94.7914472,29.3049316,1,1,378.0,restaurant,4.3,210,70,210,"2105 Postoffice St, Galveston",POINT (-94.7914472 29.3049316),Skeptical,Med,No,High,indoor,Truck,,-1,0-0,129,77540,106
166,Gypsy Joynt,-94.83164758,29.27417239,2,1,622.0,restaurant,4.5,2000,1400,2000,"6105 Stewart Rd Galveston, TX 77551",POINT (-94.8316475822502 29.2741723877485),TBD,Med,Yes,Med,indoor,Truck,,-1,0-0,130,77540,105
166,Gypsy Joynt,-94.83164758,29.27417239,2,1,622.0,restaurant,4.5,2000,1400,2000,"6105 Stewart Rd Galveston, TX 77551",POINT (-94.8316475822502 29.2741723877485),TBD,Med,Yes,Med,indoor,Truck,,2,0-0,131,77540,107
211,,-94.8308675247102,29.27466850361676,1,0,,,,,,,,,,,,,outdoor,Truck,2019.0,1,0-0,132,77642,108
167,Café Canela,-94.8308258,29.2744235,1,1,412.0,restaurant,4.6,350,50,350,"6105 Stewart Road Suite C, Galveston",POINT (-94.8308258 29.2744235),Skeptical,Med,Yes,Low,indoor,Truck,,1,0-0,133,77660,109
190,,-94.8334411310532,29.29042142675482,1,0,,,,,,,,,,,,,outdoor,Truck,1019.0,1,0-0,134,80007,110
61,Fisherman's Wharf,-94.7936367,29.3089314,1,1,5747.0,restaurant,4.4,700,140,700,"2200 Harborside Drive, Galveston",POINT (-94.7936367 29.3089314),Skeptical,Med,No,High,indoor,Truck,,-1,0-0,135,80007,109
175,,-94.80319324564574,29.307076972140123,1,0,,,,,,,,,,,,,outdoor,Truck,1004.0,1,0-0,136,81127,110
29,Mosquito Cafe,-94.7825488,29.3057145,1,1,2625.0,restaurant,4.4,300,150,300,"628 14th Street, Galveston",POINT (-94.7825488 29.3057145),Fan,High,Yes,High,indoor,Truck,,-1,0-0,137,81127,109
28,The Sunflower Bakery & Cafe,-94.7829794,29.3070498,1,1,3947.0,cafe,4.6,350,350,350,"512 14th Street, Galveston",POINT (-94.7829794 29.3070498),Skeptical,High,Yes,High,indoor,Truck,,1,0-0,138,81280,110
120,PJ’s coffee,-94.7780584,29.3114867,1,1,,cafe,,,,625,"712 Texas Avenue, Galveston (UTMB)",POINT (-94.7780584 29.3114867),Curious,Med,No,High,indoor,Truck,,-1,0-0,139,81419,109
120,PJ’s coffee,-94.7780584,29.3114867,1,1,,cafe,,,,625,"712 Texas Avenue, Galveston (UTMB)",POINT (-94.7780584 29.3114867),Curious,Med,No,High,indoor,Truck,,1,0-0,140,81419,110
51,Monarch Restaurant,-94.7863581,29.2925893,1,1,5.0,restaurant,3.2,0,0,93.75,"2024 Seawall Boulevard, Galveston",POINT (-94.7863581 29.2925893),Cuirous,Med,No,Not open yet,indoor,Truck,,-1,0-0,141,81419,109
51,Monarch Restaurant,-94.7863581,29.2925893,1,1,5.0,restaurant,3.2,0,0,93.75,"2024 Seawall Boulevard, Galveston",POINT (-94.7863581 29.2925893),Cuirous,Med,No,Not open yet,indoor,Truck,,1,0-0,142,81419,110
222,,-94.73960832343784,29.3320127193003,1,0,,,,,,,,,,,,,outdoor,Truck,3001.0,1,0-0,143,88555,111
221,,-94.73484853399322,29.330690124659,1,0,,,,,,,,,,,,,outdoor,Truck,3000.0,1,0-0,144,89056,112
58,Hey Mikey's Ice Cream,-94.79194,29.3051204,1,1,818.0,cafe,4.6,,,625,"2120 Postoffice St, Galveston",POINT (-94.79194 29.3051204),Skeptical,Med,No,High,indoor,Truck,,-1,0-0,145,89056,111
118,Shearn's Seafood and Prime Steaks,-94.85046387,29.27082677,1,1,110.0,restaurant,4.0,0,0,93.75,"7 Hope Blvd Galveston, TX 77554",POINT (-94.8504638671875 29.270826769182),Skeptical,Med,No,High,indoor,Truck,,-1,0-0,146,89091,110
117,Cafe in the Park,-94.85089697,29.27307241,3,3,48.0,restaurant,3.0,2000,800,2000,"7 Hope Blvd Galveston, TX 77554",POINT (-94.8508969682617 29.2730724079183),Skeptical,Med,No,High,indoor,Truck,,-3,0-0,147,89730,107
117,Cafe in the Park,-94.85089697,29.27307241,3,3,48.0,restaurant,3.0,2000,800,2000,"7 Hope Blvd Galveston, TX 77554",POINT (-94.8508969682617 29.2730724079183),Skeptical,Med,No,High,indoor,Truck,,3,0-0,148,89730,110
0,Moody Gardens,-94.8523,29.2736,0,0,,,,,,,,,,,,,depot,Truck,,60,0-0,149,90020,110
0,Moody Gardens,-94.8523,29.2736,0,0,,,,,,,,,,,,,depot,Truck,,77,1-0,1,0,77
33,Cooper's Landing,-94.8780445,29.2407199,1,1,219.0,restaurant,4.3,700,280,700,"11150 Termini-San Luis Pass Road, Galveston",POINT (-94.8780445 29.2407199),Skeptical,Med,No,Low,indoor,Truck,,-1,1-0,2,2704,76
33,Cooper's Landing,-94.8780445,29.2407199,1,1,219.0,restaurant,4.3,700,280,700,"11150 Termini-San Luis Pass Road, Galveston",POINT (-94.8780445 29.2407199),Skeptical,Med,No,Low,indoor,Truck,,1,1-0,3,2704,77
251,,-94.87811761972976,29.23872499917516,1,0,,,,,,,,,,,,,outdoor,Truck,3030.0,1,1-0,4,2937,78
247,,-94.79551215028134,29.292771721098887,1,0,,,,,,,,,,,,,outdoor,Truck,3026.0,1,1-0,5,13911,79
27,Star Drug Store,-94.7931581,29.304249,2,1,1247.0,restaurant,4.5,140,35,140,"510 23rd Street, Galveston",POINT (-94.7931581 29.304249),Curious,High,Yes,Low,indoor,Truck,,-1,1-0,6,13911,78
27,Star Drug Store,-94.7931581,29.304249,2,1,1247.0,restaurant,4.5,140,35,140,"510 23rd Street, Galveston",POINT (-94.7931581 29.304249),Curious,High,Yes,Low,indoor,Truck,,2,1-0,7,13911,80
77,Freckleberry Teahouse,-94.79937,29.3041968,1,1,78.0,cafe,4.9,,,625,"2724 Market Street, Galveston",POINT (-94.79937 29.3041968),Curious,Med,No,Med,indoor,Truck,,-1,1-0,8,13911,79
77,Freckleberry Teahouse,-94.79937,29.3041968,1,1,78.0,cafe,4.9,,,625,"2724 Market Street, Galveston",POINT (-94.79937 29.3041968),Curious,Med,No,Med,indoor,Truck,,1,1-0,9,13911,80
14,Maceo Spice & Import Company,-94.7988412,29.3042052,1,1,564.0,restaurant,4.7,1050,420,1050,"2706 Market Street, Galveston",POINT (-94.7988412 29.3042052),Fan,High,No,Med,indoor,Truck,,-1,1-0,10,13911,79
14,Maceo Spice & Import Company,-94.7988412,29.3042052,1,1,564.0,restaurant,4.7,1050,420,1050,"2706 Market Street, Galveston",POINT (-94.7988412 29.3042052),Fan,High,No,Med,indoor,Truck,,1,1-0,11,13911,80
70,Patrick’s Bar,-94.7959472,29.3066379,1,1,174.0,bar,4.3,350,50,350,"2411 The Strand B, Galveston",POINT (-94.7959472 29.3066379),Skeptical,Med,No,Low,indoor,Truck,,-1,1-0,12,13911,79
67,Shark Shack,-94.7957083,29.3069439,1,1,1607.0,bar,4.6,210,30,210,"2402 The Strand, Galveston",POINT (-94.7957083 29.3069439),Skeptical,Med,No,Med,indoor,Truck,,-1,1-0,13,13935,78
67,Shark Shack,-94.7957083,29.3069439,1,1,1607.0,bar,4.6,210,30,210,"2402 The Strand, Galveston",POINT (-94.7957083 29.3069439),Skeptical,Med,No,Med,indoor,Truck,,1,1-0,14,13935,79
101,Trattoria La Vigna,-94.7901585,29.306202,1,1,563.0,restaurant,4.6,0,0,93.75,"412 20th Street, Galveston",POINT (-94.7901585 29.306202),Skeptical,Med,No,Low,indoor,Truck,,-1,1-0,15,13935,78
101,Trattoria La Vigna,-94.7901585,29.306202,1,1,563.0,restaurant,4.6,0,0,93.75,"412 20th Street, Galveston",POINT (-94.7901585 29.306202),Skeptical,Med,No,Low,indoor,Truck,,1,1-0,16,13935,79
102,Shucks Tavern,-94.7912194,29.3055721,1,1,97.0,restaurant,4.7,35,0,35,"414 21st Street, Galveston",POINT (-94.7912194 29.3055721),Curious,Med,No,Low,indoor,Truck,,-1,1-0,17,13935,78
102,Shucks Tavern,-94.7912194,29.3055721,1,1,97.0,restaurant,4.7,35,0,35,"414 21st Street, Galveston",POINT (-94.7912194 29.3055721),Curious,Med,No,Low,indoor,Truck,,1,1-0,18,13935,79
153,Yaga's Cafe,-94.7949518,29.3071481,1,1,1708.0,bar,4.4,250,150,250,"2314 The Strand, Galveston",POINT (-94.7949518 29.3071481),Skeptical,Med,Yes,High,indoor,Truck,,-1,1-0,19,13935,78
68,Jack's Pub On Post Office,-94.7951116,29.3043679,2,2,316.0,bar,4.6,210,30,210,"2406 Postoffice St, Galveston",POINT (-94.7951116 29.3043679),Hesitant,Med,No,Low,indoor,Truck,,-2,1-0,20,13935,76
65,Playground Patio Bar & Grill,-94.795242,29.30667,1,1,216.0,bar,4.4,,,140.625,"2325 The Strand, Galveston",POINT (-94.795242 29.30667),Skeptical,Med,No,Low,indoor,Truck,,1,1-0,21,14197,77
26,Eatcetera,-94.795793,29.3044994,1,1,299.0,restaurant,4.5,42,42,42,"408 25th Street, Galveston",POINT (-94.795793 29.3044994),Raving Fan,High,Yes,Med,indoor,Truck,,-1,1-0,22,14240,76
172,,-94.79652426820594,29.30682933975252,1,0,,,,,,,,,,,,,outdoor,Bike,1001.0,1,1-0,23,14564,77
154,Brews Brothers,-94.7958692,29.3069004,2,2,672.0,bar,4.3,,,1125,"2404 The Strand, Galveston",POINT (-94.7958692 29.3069004),Skeptical,Med,Yes,Low,indoor,Truck,,-2,1-0,24,14564,75
154,Brews Brothers,-94.7958692,29.3069004,2,2,672.0,bar,4.3,,,1125,"2404 The Strand, Galveston",POINT (-94.7958692 29.3069004),Skeptical,Med,Yes,Low,indoor,Truck,,2,1-0,25,14564,77
147,Brewchachos Tacos & Cantina,-94.7925997,29.3078756,1,1,1043.0,bar,4.2,2800,400,2800,"2110 The Strand, Galveston",POINT (-94.7925997 29.3078756),Skeptical,Med,Yes,Med,indoor,Truck,,-1,1-0,26,14579,76
147,Brewchachos Tacos & Cantina,-94.7925997,29.3078756,1,1,1043.0,bar,4.2,2800,400,2800,"2110 The Strand, Galveston",POINT (-94.7925997 29.3078756),Skeptical,Med,Yes,Med,indoor,Truck,,1,1-0,27,14579,77
7,Rudy & Paco Restaurant and Bar,-94.791081,29.3053363,1,1,892.0,bar,4.7,100,75,100,"2028 Postoffice St, Galveston",POINT (-94.791081 29.3053363),Hesitant,High,No,High,indoor,Truck,,-1,1-0,28,14579,76
148,Rosario`s flying pizza and pub,-94.7928341,29.3073255,1,1,34.0,restaurant,4.6,280,40,280,"2121 The Strand, Galveston",POINT (-94.7928341 29.3073255),Curious,Med,Yes,Low,indoor,Truck,,-1,1-0,29,14579,75
148,Rosario`s flying pizza and pub,-94.7928341,29.3073255,1,1,34.0,restaurant,4.6,280,40,280,"2121 The Strand, Galveston",POINT (-94.7928341 29.3073255),Curious,Med,Yes,Low,indoor,Truck,,1,1-0,30,14579,76
65,Playground Patio Bar & Grill,-94.795242,29.30667,1,1,216.0,bar,4.4,,,140.625,"2325 The Strand, Galveston",POINT (-94.795242 29.30667),Skeptical,Med,No,Low,indoor,Truck,,-1,1-0,31,14579,75
12,Riondo's Ristorante,-94.795454,29.3070258,1,1,758.0,restaurant,4.5,70,70,70,"2328 The Strand, Galveston",POINT (-94.795454 29.3070258),Fan,High,No,Med,indoor,Truck,,1,1-0,32,14622,76
110,Sharky's Tavern,-94.7953346,29.3037598,2,2,757.0,restaurant,4.4,,,1250,"504 25th Street, Galveston",POINT (-94.7953346 29.3037598),Skeptical,Med,No,High,indoor,Truck,,-2,1-0,33,14622,74
71,Trini Mike's Island Time Kitchen (Food Truck),-94.7954706,29.3041632,1,1,5.0,restaurant,4.2,,,93.75,"2424 Post Office, Galveston (Sharkeys)",POINT (-94.7954706 29.3041632),Skeptical,Med,No,Low,indoor,Truck,,1,1-0,34,14745,75
66,Press Box,-94.7948097,29.3040367,2,2,320.0,bar,4.4,70,10,70,"2401 Postoffice Street, Galveston",POINT (-94.7948097 29.3040367),Hesitant,Med,No,Med,indoor,Truck,,2,1-0,35,14802,77
10,Toujouse (listed under Tremont House),-94.7948312,29.3062632,1,1,6.0,cafe,5.0,0,0,625,"2300 Ship Mechanic Row Street, Galveston",POINT (-94.7948312 29.3062632),Curious,High,No,High,indoor,Truck,,1,1-0,36,15072,78
150,The Garden Thai Cuisine,-94.7940546,29.3065697,1,1,146.0,restaurant,4.5,210,30,210,"216 23rd Street, Galveston",POINT (-94.7940546 29.3065697),Skeptical,Med,Yes,Low,indoor,Truck,,1,1-0,37,15171,79
62,Axecade,-94.7941601,29.3070637,1,1,113.0,restaurant,4.8,2100,300,2100,"2217 Strand St Second Floor 217, 2217 The Strand Suite 217, Galveston",POINT (-94.7941601 29.3070637),Skeptical,Med,No,Low,indoor,Truck,,1,1-0,38,15226,80
173,,-94.79468452427888,29.30753393564195,1,0,,,,,,,,,,,,,outdoor,Bike,1002.0,1,1-0,39,15312,81
11,The Pink Foyer Sweets Boutique,-94.7945911,29.3060402,1,1,1.0,bakery,5.0,0,0,112.5,"2315 Mechanic Street, Galveston",POINT (-94.7945911 29.3060402),Curious,High,No,Low,indoor,Truck,,-1,1-0,40,15312,80
11,The Pink Foyer Sweets Boutique,-94.7945911,29.3060402,1,1,1.0,bakery,5.0,0,0,112.5,"2315 Mechanic Street, Galveston",POINT (-94.7945911 29.3060402),Curious,High,No,Low,indoor,Truck,,1,1-0,41,15312,81
162,Koop's BBQ Kitchen,-94.8173499,29.2931568,2,1,211.0,restaurant,4.8,0,0,750,"4501 Broadway Avenue J, Galveston",POINT (-94.8173499 29.2931568),Skeptical,Med,Yes,Low,indoor,Truck,,-1,1-0,42,15312,80
39,Lil’ Buffalo Grille,-94.8706411,29.2610884,1,1,216.0,restaurant,4.8,350,35,350,"13 Evia Main, Galveston",POINT (-94.8706411 29.2610884),Curious,Med,No,Low,indoor,Truck,,-1,1-0,43,15312,79
39,Lil’ Buffalo Grille,-94.8706411,29.2610884,1,1,216.0,restaurant,4.8,350,35,350,"13 Evia Main, Galveston",POINT (-94.8706411 29.2610884),Curious,Med,No,Low,indoor,Truck,,1,1-0,44,15312,80
122,Dolphin World Inc No 2,-94.85317,29.25173,1,1,5.0,restaurant,2.0,210,30,210,"718 41st Str Galveston, TX 77550",POINT (-94.85317 29.25173),Skeptical,Med,No,Low,indoor,Truck,,-1,1-0,45,15312,79
122,Dolphin World Inc No 2,-94.85317,29.25173,1,1,5.0,restaurant,2.0,210,30,210,"718 41st Str Galveston, TX 77550",POINT (-94.85317 29.25173),Skeptical,Med,No,Low,indoor,Truck,,1,1-0,46,15312,80
168,Gino's Italian Restaurant and Pizzeria,-94.832217,29.2753139,1,1,1056.0,restaurant,4.3,35,5,35,"6124 Stewart Road, Galveston",POINT (-94.832217 29.2753139),Skeptical,Med,Yes,Low,indoor,Truck,,1,1-0,47,19171,81
22,Cajun Greek,-94.8316408,29.2769392,1,1,999.0,restaurant,4.0,50,25,50,"2226 61st St Galveston, TX 77551",POINT (-94.8316408 29.2769392),Curious,High,Yes,Med,indoor,Truck,,1,1-0,48,19442,82
189,,-94.83901023515826,29.29108366340304,1,0,,,,,,,,,,,,,outdoor,Truck,1018.0,1,1-0,49,21231,83
151,The Sandbar Grille,-95.0470522,29.1449775,1,1,292.0,bar,4.0,2000,1400,2000,"21706 Burnet Drive, Galveston",POINT (-95.0470522 29.1449775),Skeptical,Med,Yes,Med,indoor,Truck,,-1,1-0,50,21231,82
131,Galveston Food Truck Park,-95.0404814,29.1415146,1,1,6.0,food,5.0,,,0,"Nest to the Wet Whistle Bar in Sea Isle, 21510 Termini-San Luis Pass Road, Galveston",POINT (-95.0404814 29.1415146),Skeptical,Med,No,Low,indoor,Truck,,1,1-0,51,22214,83
255,,-94.95608616231785,29.196347559108165,1,0,,,,,,,,,,,,,outdoor,Truck,3034.0,1,1-0,52,32526,84
253,,-94.9278228922708,29.210431153328607,1,0,,,,,,,,,,,,,outdoor,Truck,3032.0,1,1-0,53,35945,85
246,,-94.8738468189325,29.2405914297026,1,0,,,,,,,,,,,,,outdoor,Truck,3025.0,1,1-0,54,42916,86
126,SEA BEAN Coffee Cafe,-94.8532271,29.2506218,2,1,7.0,cafe,4.5,,,750,"9001 Seawall Blvd Galveston, TX 77551 (Jimmies)",POINT (-94.8532271 29.2506218),Skeptical,Med,No,High,indoor,Truck,,2,1-0,55,45333,88
72,La Estacion Restaurant,-94.794797,29.3015187,1,1,442.0,restaurant,4.3,175,25,175,"2428 Avenue H, Galveston",POINT (-94.794797 29.3015187),Skeptical,Med,No,Low,indoor,Truck,,1,1-0,56,54260,89
13,Sugar & Rye,-94.7944536,29.3031184,1,1,128.0,restaurant,4.8,35,70,35,"2401 Church Street, Galveston",POINT (-94.7944536 29.3031184),Curious,High,No,Low,indoor,Truck,,1,1-0,57,54536,90
66,Press Box,-94.7948097,29.3040367,2,2,320.0,bar,4.4,70,10,70,"2401 Postoffice Street, Galveston",POINT (-94.7948097 29.3040367),Hesitant,Med,No,Med,indoor,Truck,,-2,1-0,58,54536,88
7,Rudy & Paco Restaurant and Bar,-94.791081,29.3053363,1,1,892.0,bar,4.7,100,75,100,"2028 Postoffice St, Galveston",POINT (-94.791081 29.3053363),Hesitant,High,No,High,indoor,Truck,,1,1-0,59,54924,89
48,Saltwater Grill,-94.790643,29.3050765,1,1,653.0,restaurant,4.4,280,70,280,"2017 Postoffice Street, Galveston",POINT (-94.790643 29.3050765),Skeptical,Med,No,High,indoor,Truck,,1,1-0,60,54956,90
199,,-94.7898969706002,29.306879649441004,1,0,,,,,,,,,,,,,outdoor,Bike,2007.0,1,1-0,61,55181,91
104,Mama Teresa's Flying Pizza,-94.7911778,29.3055494,2,1,1875.0,restaurant,4.6,175,25,175,"416 21st Street, Galveston",POINT (-94.7911778 29.3055494),Skeptical,Med,No,Low,indoor,Truck,,-1,1-0,62,55181,90
104,Mama Teresa's Flying Pizza,-94.7911778,29.3055494,2,1,1875.0,restaurant,4.6,175,25,175,"416 21st Street, Galveston",POINT (-94.7911778 29.3055494),Skeptical,Med,No,Low,indoor,Truck,,2,1-0,63,55181,92
62,Axecade,-94.7941601,29.3070637,1,1,113.0,restaurant,4.8,2100,300,2100,"2217 Strand St Second Floor 217, 2217 The Strand Suite 217, Galveston",POINT (-94.7941601 29.3070637),Skeptical,Med,No,Low,indoor,Truck,,-1,1-0,64,55181,91
184,,-94.79338136883872,29.30760607604601,1,0,,,,,,,,,,,,,outdoor,Bike,1013.0,1,1-0,65,55332,92
10,Toujouse (listed under Tremont House),-94.7948312,29.3062632,1,1,6.0,cafe,5.0,0,0,625,"2300 Ship Mechanic Row Street, Galveston",POINT (-94.7948312 29.3062632),Curious,High,No,High,indoor,Truck,,-1,1-0,66,55332,91
94,Rail Road Museum,-94.8091242,29.2983795,1,1,408.0,restaurant,4.6,400,100,400,"2602 Santa Fe Pl, Galveston",POINT (-94.8091242 29.2983795),Curious,med,Yes,Low,indoor,Truck,,-1,1-0,67,55332,90
24,Red Light Coffee Roasters,-94.7995497,29.3040468,1,1,305.0,cafe,4.6,150,100,150,"2728 Market Street, Galveston",POINT (-94.7995497 29.3040468),Curious,High,Yes,Med,indoor,Truck,,-1,1-0,68,57048,89
24,Red Light Coffee Roasters,-94.7995497,29.3040468,1,1,305.0,cafe,4.6,150,100,150,"2728 Market Street, Galveston",POINT (-94.7995497 29.3040468),Curious,High,Yes,Med,indoor,Truck,,1,1-0,69,57048,90
69,Hearsay On The Strand,-94.796027,29.3068691,1,1,1103.0,restaurant,4.4,35,5,35,"2410 The Strand, Galveston",POINT (-94.796027 29.3068691),Skeptical,Med,No,Low,indoor,Truck,,-1,1-0,70,57048,89
69,Hearsay On The Strand,-94.796027,29.3068691,1,1,1103.0,restaurant,4.4,35,5,35,"2410 The Strand, Galveston",POINT (-94.796027 29.3068691),Skeptical,Med,No,Low,indoor,Truck,,1,1-0,71,57048,90
155,Bubba's on The Strand,-94.7959158,29.3065268,2,2,113.0,bar,4.3,,,1125,"2411 The Strand, Galveston",POINT (-94.7959158 29.3065268),Skeptical,Med,Yes,Low,indoor,Truck,,2,1-0,72,57071,92
70,Patrick’s Bar,-94.7959472,29.3066379,1,1,174.0,bar,4.3,350,50,350,"2411 The Strand B, Galveston",POINT (-94.7959472 29.3066379),Skeptical,Med,No,Low,indoor,Truck,,1,1-0,73,57071,93
49,Drunken Monkeyz,-94.790723,29.3079594,2,2,324.0,bar,4.3,0,0,1125,"202 20th Street, Galveston",POINT (-94.790723 29.3079594),Skeptical,Med,No,Low,indoor,Truck,,-2,1-0,74,57086,91
49,Drunken Monkeyz,-94.790723,29.3079594,2,2,324.0,bar,4.3,0,0,1125,"202 20th Street, Galveston",POINT (-94.790723 29.3079594),Skeptical,Med,No,Low,indoor,Truck,,2,1-0,75,57086,93
105,The Wine Next Door,-94.7911713,29.3054682,1,1,3.0,bar,5.0,0,0,140.625,"418 21st Street, Galveston",POINT (-94.7911713 29.3054682),Curious,Med,No,Low,indoor,Truck,,-1,1-0,76,57086,92
105,The Wine Next Door,-94.7911713,29.3054682,1,1,3.0,bar,5.0,0,0,140.625,"418 21st Street, Galveston",POINT (-94.7911713 29.3054682),Curious,Med,No,Low,indoor,Truck,,1,1-0,77,57086,93
142,Stuttgarden Tavern,-94.7947919,29.3077483,1,1,2179.0,bar,4.2,,,468.75,"111 23rd Street, Galveston",POINT (-94.7947919 29.3077483),Skeptical,Med,Yes,High,indoor,Truck,,-1,1-0,78,57086,92
142,Stuttgarden Tavern,-94.7947919,29.3077483,1,1,2179.0,bar,4.2,,,468.75,"111 23rd Street, Galveston",POINT (-94.7947919 29.3077483),Skeptical,Med,Yes,High,indoor,Truck,,1,1-0,79,57086,93
150,The Garden Thai Cuisine,-94.7940546,29.3065697,1,1,146.0,restaurant,4.5,210,30,210,"216 23rd Street, Galveston",POINT (-94.7940546 29.3065697),Skeptical,Med,Yes,Low,indoor,Truck,,-1,1-0,80,57086,92
108,Bronco Burritos,-94.82237832,29.29176564,1,1,289.0,restaurant,4.5,7000,1000,7000,"4917 Broadway St Galveston, TX 77551",POINT (-94.822378320166 29.2917656429058),Skeptical,Med,No,Med,indoor,Truck,,-1,1-0,81,57086,91
162,Koop's BBQ Kitchen,-94.8173499,29.2931568,2,1,211.0,restaurant,4.8,0,0,750,"4501 Broadway Avenue J, Galveston",POINT (-94.8173499 29.2931568),Skeptical,Med,Yes,Low,indoor,Truck,,2,1-0,82,57599,93
178,,-94.79578217640906,29.30090513320724,1,0,,,,,,,,,,,,,outdoor,Bike,1007.0,1,1-0,83,60077,94
128,Tin Cup's Caddy Shack,-94.8556317,29.2539288,1,1,197.0,bar,4.6,,,140.625,"9020 Stewart Road, Galveston",POINT (-94.8556317 29.2539288),Skeptical,Med,No,Low,indoor,Truck,,-1,1-0,84,60077,93
128,Tin Cup's Caddy Shack,-94.8556317,29.2539288,1,1,197.0,bar,4.6,,,140.625,"9020 Stewart Road, Galveston",POINT (-94.8556317 29.2539288),Skeptical,Med,No,Low,indoor,Truck,,1,1-0,85,60077,94
126,SEA BEAN Coffee Cafe,-94.8532271,29.2506218,2,1,7.0,cafe,4.5,,,750,"9001 Seawall Blvd Galveston, TX 77551 (Jimmies)",POINT (-94.8532271 29.2506218),Skeptical,Med,No,High,indoor,Truck,,-1,1-0,86,60077,93
127,Jimmy's Curbside Restaurant and Grocery,-94.8531793,29.2506985,2,1,8.0,restaurant,4.5,,,750,"9001 Seawall Boulevard, Galveston",POINT (-94.8531793 29.2506985),Curious,Med,No,Med,indoor,Truck,,2,1-0,87,60086,95
26,Eatcetera,-94.795793,29.3044994,1,1,299.0,restaurant,4.5,42,42,42,"408 25th Street, Galveston",POINT (-94.795793 29.3044994),Raving Fan,High,Yes,Med,indoor,Truck,,1,1-0,88,69357,96
68,Jack's Pub On Post Office,-94.7951116,29.3043679,2,2,316.0,bar,4.6,210,30,210,"2406 Postoffice St, Galveston",POINT (-94.7951116 29.3043679),Hesitant,Med,No,Low,indoor,Truck,,2,1-0,89,69416,98
146,Yamato,-94.8316258,29.2780918,1,1,936.0,restaurant,4.4,,,93.75,"2104 61st Street, Galveston",POINT (-94.8316258 29.2780918),Skeptical,Med,Yes,Low,indoor,Truck,,-1,1-0,90,69598,97
146,Yamato,-94.8316258,29.2780918,1,1,936.0,restaurant,4.4,,,93.75,"2104 61st Street, Galveston",POINT (-94.8316258 29.2780918),Skeptical,Med,Yes,Low,indoor,Truck,,1,1-0,91,69598,98
45,Nate's Westend Seafood & Steaks,-94.9850694,29.1752194,1,1,1470.0,restaurant,4.0,,,93.75,"17515 Termini-San Luis Pass Road, Galveston",POINT (-94.9850694 29.1752194),Skeptical,Med,No,Low,indoor,Truck,,-1,1-0,92,69598,97
110,Sharky's Tavern,-94.7953346,29.3037598,2,2,757.0,restaurant,4.4,,,1250,"504 25th Street, Galveston",POINT (-94.7953346 29.3037598),Skeptical,Med,No,High,indoor,Truck,,2,1-0,93,94281,99
168,Gino's Italian Restaurant and Pizzeria,-94.832217,29.2753139,1,1,1056.0,restaurant,4.3,35,5,35,"6124 Stewart Road, Galveston",POINT (-94.832217 29.2753139),Skeptical,Med,Yes,Low,indoor,Truck,,-1,1-0,94,94281,98
108,Bronco Burritos,-94.82237832,29.29176564,1,1,289.0,restaurant,4.5,7000,1000,7000,"4917 Broadway St Galveston, TX 77551",POINT (-94.822378320166 29.2917656429058),Skeptical,Med,No,Med,indoor,Truck,,1,1-0,95,97321,99
145,Waterman's Restaurant,-94.94924164,29.2073822,1,1,350.0,restaurant,3.0,,,93.75,"14302 Stewart Rd Galveston, TX 77554",POINT (-94.9492416381836 29.2073822021484),Skeptical,Med,Yes,Med,indoor,Truck,,-1,1-0,96,97321,98
145,Waterman's Restaurant,-94.94924164,29.2073822,1,1,350.0,restaurant,3.0,,,93.75,"14302 Stewart Rd Galveston, TX 77554",POINT (-94.9492416381836 29.2073822021484),Skeptical,Med,Yes,Med,indoor,Truck,,1,1-0,97,97321,99
214,,-94.86949678276189,29.26546777295611,1,0,,,,,,,,,,,,,outdoor,Truck,2022.0,1,1-0,98,109018,100
124,Galveston Primetime,-94.8542107,29.2530127,2,2,1321.0,movie_theater,4.2,4200,600,4200,"8902 Seawall Boulevard, Galveston Movie theatre)",POINT (-94.8542107 29.2530127),Skeptical,Med,No,Low,indoor,Truck,,-2,1-0,99,109018,98
124,Galveston Primetime,-94.8542107,29.2530127,2,2,1321.0,movie_theater,4.2,4200,600,4200,"8902 Seawall Boulevard, Galveston Movie theatre)",POINT (-94.8542107 29.2530127),Skeptical,Med,No,Low,indoor,Truck,,2,1-0,100,109018,100
215,,-94.8585634701748,29.25802666551796,1,0,,,,,,,,,,,,,outdoor,Truck,2023.0,1,1-0,101,109449,101
159,Seahorse Grill,-94.86803806,29.24448719,1,1,237.0,restaurant,4.5,105,15,105,"3802 Cove View Blvd Ste C Galveston, TX 77554",POINT (-94.868038059798 29.244487190776),Curious,Med,Yes,Low,indoor,Truck,,-1,1-0,102,109449,100
159,Seahorse Grill,-94.86803806,29.24448719,1,1,237.0,restaurant,4.5,105,15,105,"3802 Cove View Blvd Ste C Galveston, TX 77554",POINT (-94.868038059798 29.244487190776),Curious,Med,Yes,Low,indoor,Truck,,1,1-0,103,109449,101
19,Mr. C's Dugout @Galveston College,-94.807822,29.284711,1,1,2.0,restaurant,3.0,,,93.75,"Student Center, 4015 Avenue Q, Galveston",POINT (-94.807822 29.284711),Curious,High,No,High,indoor,Truck,,-1,1-0,104,117469,100
19,Mr. C's Dugout @Galveston College,-94.807822,29.284711,1,1,2.0,restaurant,3.0,,,93.75,"Student Center, 4015 Avenue Q, Galveston",POINT (-94.807822 29.284711),Curious,High,No,High,indoor,Truck,,1,1-0,105,117469,101
99,Whitecaps,-94.8077385,29.285577,1,1,,university,,0,0,1875,"3916 Avenue Q, Galveston",POINT (-94.8077385 29.285577),Curious,med,No,low,indoor,Truck,,-1,1-0,106,117469,100
99,Whitecaps,-94.8077385,29.285577,1,1,,university,,0,0,1875,"3916 Avenue Q, Galveston",POINT (-94.8077385 29.285577),Curious,med,No,low,indoor,Truck,,1,1-0,107,117469,101
13,Sugar & Rye,-94.7944536,29.3031184,1,1,128.0,restaurant,4.8,35,70,35,"2401 Church Street, Galveston",POINT (-94.7944536 29.3031184),Curious,High,No,Low,indoor,Truck,,-1,1-0,108,117469,100
64,Tsunami Tequila Emporium,-94.7951202,29.3072052,1,1,165.0,bar,4.1,0,0,140.625,"2314 The Strand, Galveston",POINT (-94.7951202 29.3072052),Skeptical,Med,No,High,indoor,Truck,,1,1-0,109,117946,101
153,Yaga's Cafe,-94.7949518,29.3071481,1,1,1708.0,bar,4.4,250,150,250,"2314 The Strand, Galveston",POINT (-94.7949518 29.3071481),Skeptical,Med,Yes,High,indoor,Truck,,1,1-0,110,117959,102
187,,-94.79448543312456,29.30708461014235,1,0,,,,,,,,,,,,,outdoor,Bike,1016.0,1,1-0,111,118000,103
89,Black Pearl Oyster Bar,-94.7940474,29.3054649,1,1,2224.0,restaurant,4.4,105,15,105,"327 23rd Street, Galveston",POINT (-94.7940474 29.3054649),Skeptical,Med,No,Low,indoor,Truck,,-1,1-0,112,118000,102
89,Black Pearl Oyster Bar,-94.7940474,29.3054649,1,1,2224.0,restaurant,4.4,105,15,105,"327 23rd Street, Galveston",POINT (-94.7940474 29.3054649),Skeptical,Med,No,Low,indoor,Truck,,1,1-0,113,118000,103
59,Vintage Crown Michelada Bar & Taqueria,-94.7944665,29.3065367,1,1,207.0,bar,4.6,,,140.625,"215 23rd Street, Galveston",POINT (-94.7944665 29.3065367),Skeptical,Med,No,Low,indoor,Truck,,-1,1-0,114,118206,102
59,Vintage Crown Michelada Bar & Taqueria,-94.7944665,29.3065367,1,1,207.0,bar,4.6,,,140.625,"215 23rd Street, Galveston",POINT (-94.7944665 29.3065367),Skeptical,Med,No,Low,indoor,Truck,,1,1-0,115,118206,103
114,Hooters,-94.83244,29.2797,1,1,175.0,restaurant,2.0,280,40,280,"6028 Heards Ln Galveston, TX 77551",POINT (-94.83244 29.2797),Skeptical,Med,No,Low,indoor,Truck,,-1,1-0,116,118206,102
114,Hooters,-94.83244,29.2797,1,1,175.0,restaurant,2.0,280,40,280,"6028 Heards Ln Galveston, TX 77551",POINT (-94.83244 29.2797),Skeptical,Med,No,Low,indoor,Truck,,1,1-0,117,118206,103
131,Galveston Food Truck Park,-95.0404814,29.1415146,1,1,6.0,food,5.0,,,0,"Nest to the Wet Whistle Bar in Sea Isle, 21510 Termini-San Luis Pass Road, Galveston",POINT (-95.0404814 29.1415146),Skeptical,Med,No,Low,indoor,Truck,,-1,1-0,118,118206,102
220,,-95.11776778416598,29.085700851392566,1,0,,,,,,,,,,,,,outdoor,Truck,2028.0,1,1-0,119,128196,103
133,Bar 43,-94.8108363,29.2809684,1,1,1.0,restaurant,1.0,,,93.75,,POINT (-94.8108363 29.2809684),Currious,Med,No,Low,indoor,Truck,,-1,1-0,120,166247,102
133,Bar 43,-94.8108363,29.2809684,1,1,1.0,restaurant,1.0,,,93.75,,POINT (-94.8108363 29.2809684),Currious,Med,No,Low,indoor,Truck,,1,1-0,121,166247,103
202,,-94.8070897627476,29.284031380957845,1,0,,,,,,,,,,,,,outdoor,Bike,2010.0,1,1-0,122,166893,104
204,,-94.80141651349544,29.290079781803342,1,0,,,,,,,,,,,,,outdoor,Truck,2012.0,1,1-0,123,168169,105
165,Lolo Kai Smoothies and Wraps,-94.7931018,29.3039878,2,1,338.0,restaurant,4.8,,,750,"528 23rd Street, Galveston",POINT (-94.7931018 29.3039878),Curious,Med,Yes,Low,indoor,Truck,,-1,1-0,124,168169,104
165,Lolo Kai Smoothies and Wraps,-94.7931018,29.3039878,2,1,338.0,restaurant,4.8,,,750,"528 23rd Street, Galveston",POINT (-94.7931018 29.3039878),Curious,Med,Yes,Low,indoor,Truck,,2,1-0,125,168169,106
71,Trini Mike's Island Time Kitchen (Food Truck),-94.7954706,29.3041632,1,1,5.0,restaurant,4.2,,,93.75,"2424 Post Office, Galveston (Sharkeys)",POINT (-94.7954706 29.3041632),Skeptical,Med,No,Low,indoor,Truck,,-1,1-0,126,168169,105
23,Leeland House Galveston,-94.7988738,29.3038963,1,1,51.0,bar,4.6,140,70,140,"2711 Market Street, Galveston",POINT (-94.7988738 29.3038963),Skeptical,High,Yes,Med,indoor,Truck,,-1,1-0,127,168169,104
23,Leeland House Galveston,-94.7988738,29.3038963,1,1,51.0,bar,4.6,140,70,140,"2711 Market Street, Galveston",POINT (-94.7988738 29.3038963),Skeptical,High,Yes,Med,indoor,Truck,,1,1-0,128,168169,105
155,Bubba's on The Strand,-94.7959158,29.3065268,2,2,113.0,bar,4.3,,,1125,"2411 The Strand, Galveston",POINT (-94.7959158 29.3065268),Skeptical,Med,Yes,Low,indoor,Truck,,-2,1-0,129,168169,103
64,Tsunami Tequila Emporium,-94.7951202,29.3072052,1,1,165.0,bar,4.1,0,0,140.625,"2314 The Strand, Galveston",POINT (-94.7951202 29.3072052),Skeptical,Med,No,High,indoor,Truck,,-1,1-0,130,168169,102
48,Saltwater Grill,-94.790643,29.3050765,1,1,653.0,restaurant,4.4,280,70,280,"2017 Postoffice Street, Galveston",POINT (-94.790643 29.3050765),Skeptical,Med,No,High,indoor,Truck,,-1,1-0,131,168169,101
9,MarMo Cafe & Lounge,-94.792103,29.3056002,1,1,19.0,bar,4.8,140,35,140,"2121 Market Street suite 101, Galveston",POINT (-94.792103 29.3056002),High,High,No,Med,indoor,Truck,,-1,1-0,132,168169,100
9,MarMo Cafe & Lounge,-94.792103,29.3056002,1,1,19.0,bar,4.8,140,35,140,"2121 Market Street suite 101, Galveston",POINT (-94.792103 29.3056002),High,High,No,Med,indoor,Truck,,1,1-0,133,168169,101
12,Riondo's Ristorante,-94.795454,29.3070258,1,1,758.0,restaurant,4.5,70,70,70,"2328 The Strand, Galveston",POINT (-94.795454 29.3070258),Fan,High,No,Med,indoor,Truck,,-1,1-0,134,168169,100
183,,-94.79567444799896,29.30696419276517,1,0,,,,,,,,,,,,,outdoor,Bike,1012.0,1,1-0,135,168169,101
72,La Estacion Restaurant,-94.794797,29.3015187,1,1,442.0,restaurant,4.3,175,25,175,"2428 Avenue H, Galveston",POINT (-94.794797 29.3015187),Skeptical,Med,No,Low,indoor,Truck,,-1,1-0,136,168212,100
152,Mario's Ristorante,-94.8315,29.27708,1,1,215.0,restaurant,3.5,210,175,210,"2202 61st St Galveston, TX 77551",POINT (-94.8315 29.27708),skeptical,Med,Yes,Med,indoor,Truck,,-1,1-0,137,168624,99
152,Mario's Ristorante,-94.8315,29.27708,1,1,215.0,restaurant,3.5,210,175,210,"2202 61st St Galveston, TX 77551",POINT (-94.8315 29.27708),skeptical,Med,Yes,Med,indoor,Truck,,1,1-0,138,168624,100
135,Hummel's General Store & Deli,-94.9374899,29.20822,2,1,22.0,convenience store,4.5,700,100,700,,POINT (-94.9374899 29.20822),Skeptical,Med,No,Med,indoor,Truck,,-1,1-0,139,168624,99
135,Hummel's General Store & Deli,-94.9374899,29.20822,2,1,22.0,convenience store,4.5,700,100,700,,POINT (-94.9374899 29.20822),Skeptical,Med,No,Med,indoor,Truck,,2,1-0,140,168624,101
218,,-94.93739816125932,29.2085240573132,1,0,,,,,,,,,,,,,outdoor,Truck,2026.0,1,1-0,141,168675,102
31,Sapori,-94.8412938,29.2592634,1,1,365.0,restaurant,4.5,0,0,93.75,"7611 Stewart Road, Galveston",POINT (-94.8412938 29.2592634),Curious,High,Yes,Low,indoor,Truck,,-1,1-0,142,187286,101
31,Sapori,-94.8412938,29.2592634,1,1,365.0,restaurant,4.5,0,0,93.75,"7611 Stewart Road, Galveston",POINT (-94.8412938 29.2592634),Curious,High,Yes,Low,indoor,Truck,,1,1-0,143,187286,102
170,Seawall Coffee Company,-94.86782336,29.24463873,2,1,47.0,restaurant,4.5,1050,350,1050,,POINT (-94.8678233612548 29.244638725096),Curious,Med,Yes,Low,indoor,Truck,,-1,1-0,144,187286,101
170,Seawall Coffee Company,-94.86782336,29.24463873,2,1,47.0,restaurant,4.5,1050,350,1050,,POINT (-94.8678233612548 29.244638725096),Curious,Med,Yes,Low,indoor,Truck,,2,1-0,145,187286,103
216,,-94.86778062999728,29.243452340388263,1,0,,,,,,,,,,,,,outdoor,Truck,2024.0,1,1-0,146,187450,104
16,Galveston College,-94.8084945,29.2840785,1,1,65.0,university,4.4,20,20,20,"4015 Avenue Q, Galveston",POINT (-94.8084945 29.2840785),Curious,High,No,High,indoor,Truck,,-1,1-0,147,195268,103
16,Galveston College,-94.8084945,29.2840785,1,1,65.0,university,4.4,20,20,20,"4015 Avenue Q, Galveston",POINT (-94.8084945 29.2840785),Curious,High,No,High,indoor,Truck,,1,1-0,148,195268,104
94,Rail Road Museum,-94.8091242,29.2983795,1,1,408.0,restaurant,4.6,400,100,400,"2602 Santa Fe Pl, Galveston",POINT (-94.8091242 29.2983795),Curious,med,Yes,Low,indoor,Truck,,1,1-0,149,197263,105
1,Sugar Bean,-94.8704183,29.2610286,1,1,476.0,cafe,4.7,200,50,200,"11 Evia Main, Galveston",POINT (-94.8704183 29.2610286),Curious,High,No,High,indoor,Truck,,-1,1-0,150,197263,104
1,Sugar Bean,-94.8704183,29.2610286,1,1,476.0,cafe,4.7,200,50,200,"11 Evia Main, Galveston",POINT (-94.8704183 29.2610286),Curious,High,No,High,indoor,Truck,,1,1-0,151,197263,105
127,Jimmy's Curbside Restaurant and Grocery,-94.8531793,29.2506985,2,1,8.0,restaurant,4.5,,,750,"9001 Seawall Boulevard, Galveston",POINT (-94.8531793 29.2506985),Curious,Med,No,Med,indoor,Truck,,-1,1-0,152,197263,104
35,Panda Express,-94.83056,29.2755,2,1,10.0,restaurant,2.0,3360,3360,3360,"11745 San Luis Pass Rd Galveston, TX 77554",POINT (-94.83056 29.2755),Skeptical,Med,No,Low,indoor,Truck,,2,1-0,153,201426,106
35,Panda Express,-94.83056,29.2755,2,1,10.0,restaurant,2.0,3360,3360,3360,"11745 San Luis Pass Rd Galveston, TX 77554",POINT (-94.83056 29.2755),Skeptical,Med,No,Low,indoor,Truck,,-1,1-0,154,201426,105
143,Mario's Pizza,-94.9373606,29.2082758,1,1,219.0,restaurant,3.5,0,0,93.75,"13708 Termini-san Luis Pass Rd Galveston, TX 77554",POINT (-94.9373606 29.2082758),Skeptical,Med,Yes,Low,indoor,Truck,,-1,1-0,155,201698,104
143,Mario's Pizza,-94.9373606,29.2082758,1,1,219.0,restaurant,3.5,0,0,93.75,"13708 Termini-san Luis Pass Rd Galveston, TX 77554",POINT (-94.9373606 29.2082758),Skeptical,Med,Yes,Low,indoor,Truck,,1,1-0,156,201698,105
22,Cajun Greek,-94.8316408,29.2769392,1,1,999.0,restaurant,4.0,50,25,50,"2226 61st St Galveston, TX 77551",POINT (-94.8316408 29.2769392),Curious,High,Yes,Med,indoor,Truck,,-1,1-0,157,220687,104
209,,-94.83971047446586,29.29032253864521,1,0,,,,,,,,,,,,,outdoor,Truck,2017.0,1,1-0,158,222420,105
60,The West End Marina and Restaurants,-95.0470457,29.1449947,1,1,803.0,bar,4.1,300,150,300,"21706 Burnet Drive, Galveston",POINT (-95.0470457 29.1449947),Skeptical,Med,No,Med,indoor,Truck,,-1,1-0,159,222420,104
60,The West End Marina and Restaurants,-95.0470457,29.1449947,1,1,803.0,bar,4.1,300,150,300,"21706 Burnet Drive, Galveston",POINT (-95.0470457 29.1449947),Skeptical,Med,No,Med,indoor,Truck,,1,1-0,160,222420,105
151,The Sandbar Grille,-95.0470522,29.1449775,1,1,292.0,bar,4.0,2000,1400,2000,"21706 Burnet Drive, Galveston",POINT (-95.0470522 29.1449775),Skeptical,Med,Yes,Med,indoor,Truck,,1,1-0,161,222420,106
219,,-95.0468334206239,29.144976394730858,1,0,,,,,,,,,,,,,outdoor,Truck,2027.0,1,1-0,162,222432,107
45,Nate's Westend Seafood & Steaks,-94.9850694,29.1752194,1,1,1470.0,restaurant,4.0,,,93.75,"17515 Termini-San Luis Pass Road, Galveston",POINT (-94.9850694 29.1752194),Skeptical,Med,No,Low,indoor,Truck,,1,1-0,163,229968,108
254,,-94.95403603262106,29.19352527673134,1,0,,,,,,,,,,,,,outdoor,Truck,3033.0,1,1-0,164,233729,109
217,,-94.94920025811072,29.200509132181256,1,0,,,,,,,,,,,,,outdoor,Truck,2025.0,1,1-0,165,235448,110
252,,-94.89604294830498,29.2277225320811,1,0,,,,,,,,,,,,,outdoor,Truck,3031.0,1,1-0,166,241631,111
191,,-94.85524271265918,29.267539716885995,1,0,,,,,,,,,,,,,outdoor,Truck,1020.0,1,1-0,167,249417,112
0,Moody Gardens,-94.8523,29.2736,0,0,,,,,,,,,,,,,depot,Truck,,77,1-0,168,250355,112
0,Moody Gardens,-94.8523,29.2736,0,0,,,,,,,,,,,,,depot,Truck,,66,2-0,1,0,66
139,Rainforest Pyramid,-94.85260158,29.27548471,2,1,26.0,restaurant,4.0,,,750,"1 Hope Blvd Galveston, TX 77554",POINT (-94.8526015753142 29.2754847110984),Curious,Med,Yes,High,indoor,Truck,,-1,2-0,2,559,65
139,Rainforest Pyramid,-94.85260158,29.27548471,2,1,26.0,restaurant,4.0,,,750,"1 Hope Blvd Galveston, TX 77554",POINT (-94.8526015753142 29.2754847110984),Curious,Med,Yes,High,indoor,Truck,,2,2-0,3,559,67
141,Moody Gardens Restaurant (shown under other restaurant),-94.8520363,29.2757299,1,1,2.0,restaurant,3.0,0,0,93.75,"1 Hope Boulevard, Galveston",POINT (-94.8520363 29.2757299),Skeptical,Med,Yes,High,indoor,Truck,,-1,2-0,4,770,66
125,Palm Beach At Moody Gardens,-94.850972,29.275732,8,6,958.0,amusement_park,4.5,,,5500,"8928, 1 Hope Boulevard, Galveston",POINT (-94.850972 29.275732),Hesitant,Med,No,High,indoor,Truck,,-6,2-0,5,799,60
125,Palm Beach At Moody Gardens,-94.850972,29.275732,8,6,958.0,amusement_park,4.5,,,5500,"8928, 1 Hope Boulevard, Galveston",POINT (-94.850972 29.275732),Hesitant,Med,No,High,indoor,Truck,,8,2-0,6,799,68
141,Moody Gardens Restaurant (shown under other restaurant),-94.8520363,29.2757299,1,1,2.0,restaurant,3.0,0,0,93.75,"1 Hope Boulevard, Galveston",POINT (-94.8520363 29.2757299),Skeptical,Med,Yes,High,indoor,Truck,,1,2-0,7,828,69
212,,-94.83104920246144,29.27588208130422,1,0,,,,,,,,,,,,,outdoor,Truck,2020.0,1,2-0,8,4167,70
91,Queen's Bar-B-Que,-94.8011997,29.2834997,2,1,1311.0,restaurant,4.3,700,100,700,"3428 Avenue S, Galveston",POINT (-94.8011997 29.2834997),Skeptical,Med,No,Low,indoor,Truck,,-1,2-0,9,4167,69
91,Queen's Bar-B-Que,-94.8011997,29.2834997,2,1,1311.0,restaurant,4.3,700,100,700,"3428 Avenue S, Galveston",POINT (-94.8011997 29.2834997),Skeptical,Med,No,Low,indoor,Truck,,2,2-0,10,4167,71
81,Island time beach bar,-94.7971187,29.2842203,2,2,12.0,bar,4.7,,,1125,"3102 Seawall Boulevard, Galveston",POINT (-94.7971187 29.2842203),Curious,Med,No,Low,indoor,Truck,,-2,2-0,11,4167,69
81,Island time beach bar,-94.7971187,29.2842203,2,2,12.0,bar,4.7,,,1125,"3102 Seawall Boulevard, Galveston",POINT (-94.7971187 29.2842203),Curious,Med,No,Low,indoor,Truck,,2,2-0,12,4167,71
234,,-94.79493642483013,29.285061699147057,1,0,,,,,,,,,,,,,outdoor,Truck,3013.0,1,2-0,13,4430,72
205,,-94.7902187937728,29.28713138145065,1,0,,,,,,,,,,,,,outdoor,Truck,2013.0,1,2-0,14,4936,73
73,Robert's Lafitte,-94.7911531,29.2896039,1,1,122.0,bar,4.5,600,400,600,"2501 Avenue Q, Galveston",POINT (-94.7911531 29.2896039),Currious,Med,No,Med,indoor,Truck,,-1,2-0,15,4936,72
73,Robert's Lafitte,-94.7911531,29.2896039,1,1,122.0,bar,4.5,600,400,600,"2501 Avenue Q, Galveston",POINT (-94.7911531 29.2896039),Currious,Med,No,Med,indoor,Truck,,1,2-0,16,4936,73
76,Shrimp 'N Stuff Downtown,-94.7958306,29.3013951,2,1,1785.0,restaurant,4.5,1400,200,1400,"2506 Avenue H, Galveston",POINT (-94.7958306 29.3013951),Skeptical,Med,No,Low,indoor,Truck,,-1,2-0,17,4936,72
76,Shrimp 'N Stuff Downtown,-94.7958306,29.3013951,2,1,1785.0,restaurant,4.5,1400,200,1400,"2506 Avenue H, Galveston",POINT (-94.7958306 29.3013951),Skeptical,Med,No,Low,indoor,Truck,,2,2-0,18,4936,74
90,La Michoacana Meat Market,-94.8035795,29.2965863,2,1,286.0,supermarket,4.0,350,50,350,"3301 Broadway Avenue J, Galveston",POINT (-94.8035795 29.2965863),Skeptical,Med,No,Low,indoor,Truck,,-1,2-0,19,4936,73
90,La Michoacana Meat Market,-94.8035795,29.2965863,2,1,286.0,supermarket,4.0,350,50,350,"3301 Broadway Avenue J, Galveston",POINT (-94.8035795 29.2965863),Skeptical,Med,No,Low,indoor,Truck,,2,2-0,20,4936,75
3,Good Dough,-94.808531,29.2906119,1,1,68.0,bakery,4.6,70,35,70,"1508 39th Street, Galveston",POINT (-94.808531 29.2906119),Curious,High,No,Med,indoor,Truck,,-1,2-0,21,4936,74
3,Good Dough,-94.808531,29.2906119,1,1,68.0,bakery,4.6,70,35,70,"1508 39th Street, Galveston",POINT (-94.808531 29.2906119),Curious,High,No,Med,indoor,Truck,,1,2-0,22,4936,75
42,Nick's,-94.8085269,29.2894221,1,1,4.0,restaurant,3.5,,,93.75,"1613 39th Street, Galveston",POINT (-94.8085269 29.2894221),Skeptical,Med,No,High,indoor,Truck,,-1,2-0,23,4936,74
42,Nick's,-94.8085269,29.2894221,1,1,4.0,restaurant,3.5,,,93.75,"1613 39th Street, Galveston",POINT (-94.8085269 29.2894221),Skeptical,Med,No,High,indoor,Truck,,1,2-0,24,4936,75
44,Pennies Tex Mex Take Out,-94.8059756,29.2891349,2,1,391.0,restaurant,4.7,350,105,350,"1713 37th Street, Galveston",POINT (-94.8059756 29.2891349),Curious,Med,No,Low,indoor,Truck,,-1,2-0,25,4936,74
44,Pennies Tex Mex Take Out,-94.8059756,29.2891349,2,1,391.0,restaurant,4.7,350,105,350,"1713 37th Street, Galveston",POINT (-94.8059756 29.2891349),Curious,Med,No,Low,indoor,Truck,,2,2-0,26,4936,76
156,Beerfoot Beach Bar,-94.7942047,29.2863254,1,1,184.0,bar,4.4,0,0,140.625,"2816 Avenue R 1/2, Galveston",POINT (-94.7942047 29.2863254),Skeptical,Med,Yes,High,indoor,Truck,,-1,2-0,27,4936,75
156,Beerfoot Beach Bar,-94.7942047,29.2863254,1,1,184.0,bar,4.4,0,0,140.625,"2816 Avenue R 1/2, Galveston",POINT (-94.7942047 29.2863254),Skeptical,Med,Yes,High,indoor,Truck,,1,2-0,28,4936,76
85,Tiki Bar,-94.7979736,29.2836062,2,2,142.0,bar,4.3,,,1125,"3204 Seawall Boulevard Suite B, Galveston",POINT (-94.7979736 29.2836062),Skeptical,Med,No,High,indoor,Truck,,-2,2-0,29,4936,74
158,The Spot,-94.7980051,29.2836047,1,1,12914.0,bar,4.3,,,468.75,"3204 Seawall Boulevard, Galveston",POINT (-94.7980051 29.2836047),Skeptical,Med,Yes,High,indoor,Truck,,1,2-0,30,4936,75
88,Drip,-94.7981973,29.2836623,1,1,2.0,bar,5.0,1500,150,1500,"3204 Seawall Boulevard, Galveston",POINT (-94.7981973 29.2836623),Skeptical,Med,No,High,indoor,Truck,,-1,2-0,31,4936,74
88,Drip,-94.7981973,29.2836623,1,1,2.0,bar,5.0,1500,150,1500,"3204 Seawall Boulevard, Galveston",POINT (-94.7981973 29.2836623),Skeptical,Med,No,High,indoor,Truck,,1,2-0,32,4936,75
87,Rum Shack,-94.7979948,29.2835904,1,1,221.0,bar,4.3,,,140.625,"3204 Seawall Boulevard Suite E, Galveston",POINT (-94.7979948 29.2835904),Skeptical,Med,No,High,indoor,Truck,,-1,2-0,33,4936,74
87,Rum Shack,-94.7979948,29.2835904,1,1,221.0,bar,4.3,,,140.625,"3204 Seawall Boulevard Suite E, Galveston",POINT (-94.7979948 29.2835904),Skeptical,Med,No,High,indoor,Truck,,1,2-0,34,4936,75
95,Redfish Pool Bar,-94.8037861,29.2798569,1,1,7.0,bar,2.9,,,140.625,"3788 Seawall Boulevard, Galveston",POINT (-94.8037861 29.2798569),Skeptical,Med,No,High,indoor,Truck,,-1,2-0,35,4936,74
233,,-94.79867731012496,29.282876114591787,1,0,,,,,,,,,,,,,outdoor,Truck,3012.0,1,2-0,36,5534,75
85,Tiki Bar,-94.7979736,29.2836062,2,2,142.0,bar,4.3,,,1125,"3204 Seawall Boulevard Suite B, Galveston",POINT (-94.7979736 29.2836062),Skeptical,Med,No,High,indoor,Truck,,2,2-0,37,5656,77
86,SideYard,-94.7980166,29.2837156,1,1,106.0,bar,4.2,,,140.625,"3204 Seawall Boulevard Suite D, Galveston",POINT (-94.7980166 29.2837156),Skeptical,Med,No,High,indoor,Truck,,1,2-0,38,5668,78
75,Fish Tales,-94.7908591,29.2882774,1,1,5546.0,restaurant,4.0,280,40,280,"2502 Seawall Boulevard, Galveston",POINT (-94.7908591 29.2882774),Skeptical,Med,No,High,indoor,Truck,,-1,2-0,39,5809,77
75,Fish Tales,-94.7908591,29.2882774,1,1,5546.0,restaurant,4.0,280,40,280,"2502 Seawall Boulevard, Galveston",POINT (-94.7908591 29.2882774),Skeptical,Med,No,High,indoor,Truck,,1,2-0,40,5809,78
169,Vida Agave,-94.795515,29.30184,1,1,155.0,restaurant,4.7,70,10,70,"711 25th Street, Galveston",POINT (-94.795515 29.30184),Skeptical,Med,Yes,Low,indoor,Truck,,-1,2-0,41,5809,77
169,Vida Agave,-94.795515,29.30184,1,1,155.0,restaurant,4.7,70,10,70,"711 25th Street, Galveston",POINT (-94.795515 29.30184),Skeptical,Med,Yes,Low,indoor,Truck,,1,2-0,42,5809,78
82,Taqueria Flores,-94.8026272,29.297634,2,1,507.0,restaurant,4.5,,,750,"3202 Broadway Avenue J #4228, Galveston",POINT (-94.8026272 29.297634),Skeptical,Med,No,Low,indoor,Truck,,-1,2-0,43,5809,77
82,Taqueria Flores,-94.8026272,29.297634,2,1,507.0,restaurant,4.5,,,750,"3202 Broadway Avenue J #4228, Galveston",POINT (-94.8026272 29.297634),Skeptical,Med,No,Low,indoor,Truck,,2,2-0,44,5809,79
97,Cordray Drug Store,-94.8095633,29.293314,2,1,28.0,convenience store,4.5,,,750,"3827 Ave L Galveston, TX 77550",POINT (-94.8095633 29.293314),Curious,Med,No,Med,indoor,Truck,,-1,2-0,45,5809,78
97,Cordray Drug Store,-94.8095633,29.293314,2,1,28.0,convenience store,4.5,,,750,"3827 Ave L Galveston, TX 77550",POINT (-94.8095633 29.293314),Curious,Med,No,Med,indoor,Truck,,2,2-0,46,5809,80
41,Chef Mary Bass,-94.8085834,29.2905544,1,1,52.0,caterer,4.8,,,112.5,"1510 39th Street, Galveston",POINT (-94.8085834 29.2905544),Curious,Med,No,Med,indoor,Truck,,-1,2-0,47,5809,79
41,Chef Mary Bass,-94.8085834,29.2905544,1,1,52.0,caterer,4.8,,,112.5,"1510 39th Street, Galveston",POINT (-94.8085834 29.2905544),Curious,Med,No,Med,indoor,Truck,,1,2-0,48,5809,80
98,Shrimp N Stuff,-94.80844,29.28874,2,1,1441.0,restaurant,4.0,1050,150,1050,"3901 Ave O Galveston, TX 77550",POINT (-94.80844 29.28874),Skeptical,Med,No,High,indoor,Truck,,-1,2-0,49,5809,79
98,Shrimp N Stuff,-94.80844,29.28874,2,1,1441.0,restaurant,4.0,1050,150,1050,"3901 Ave O Galveston, TX 77550",POINT (-94.80844 29.28874),Skeptical,Med,No,High,indoor,Truck,,2,2-0,50,5809,81
15,BLVD Seafood (all of Yagas Entertainment),-94.7939604,29.2865539,1,1,2158.0,restaurant,4.5,400,105,400,"2804 Avenue R 1/2, Galveston",POINT (-94.7939604 29.2865539),Skeptical,High,No,High,indoor,Truck,,-1,2-0,51,5809,80
15,BLVD Seafood (all of Yagas Entertainment),-94.7939604,29.2865539,1,1,2158.0,restaurant,4.5,400,105,400,"2804 Avenue R 1/2, Galveston",POINT (-94.7939604 29.2865539),Skeptical,High,No,High,indoor,Truck,,1,2-0,52,5809,81
79,Float Pool & Patio Bar,-94.7944124,29.2859177,1,1,1433.0,bar,4.2,?,?,,"2828 Seawall Boulevard, Galveston",POINT (-94.7944124 29.2859177),Skeptical,Med,No,Med,indoor,Truck,,-1,2-0,53,5809,80
79,Float Pool & Patio Bar,-94.7944124,29.2859177,1,1,1433.0,bar,4.2,?,?,,"2828 Seawall Boulevard, Galveston",POINT (-94.7944124 29.2859177),Skeptical,Med,No,Med,indoor,Truck,,1,2-0,54,5809,81
86,SideYard,-94.7980166,29.2837156,1,1,106.0,bar,4.2,,,140.625,"3204 Seawall Boulevard Suite D, Galveston",POINT (-94.7980166 29.2837156),Skeptical,Med,No,High,indoor,Truck,,-1,2-0,55,5809,80
84,Squeeze,-94.7980425,29.2837569,1,1,35.0,bar,3.5,,,140.625,"3204 Seawall Boulevard c, Galveston (spot)",POINT (-94.7980425 29.2837569),Skeptical,Med,No,High,indoor,Truck,,-1,2-0,56,5809,79
84,Squeeze,-94.7980425,29.2837569,1,1,35.0,bar,3.5,,,140.625,"3204 Seawall Boulevard c, Galveston (spot)",POINT (-94.7980425 29.2837569),Skeptical,Med,No,High,indoor,Truck,,1,2-0,57,5809,80
92,Joe's Crab Shack,-94.8014962,29.2815703,1,1,4371.0,restaurant,3.8,245,35,245,"3502 Seawall Boulevard, Galveston",POINT (-94.8014962 29.2815703),Skeptical,Med,No,High,indoor,Truck,,-1,2-0,58,5809,79
92,Joe's Crab Shack,-94.8014962,29.2815703,1,1,4371.0,restaurant,3.8,245,35,245,"3502 Seawall Boulevard, Galveston",POINT (-94.8014962 29.2815703),Skeptical,Med,No,High,indoor,Truck,,1,2-0,59,5809,80
100,Mr Taco & Limon Paradise,-94.8072763,29.2777842,2,1,129.0,restaurant,4.1,350,50,350,"4112 Seawall Boulevard, Galveston",POINT (-94.8072763 29.2777842),Curious,Med,No,Med,indoor,Truck,,-1,2-0,60,5809,79
232,,-94.80236790400106,29.28038269046843,1,0,,,,,,,,,,,,,outdoor,Truck,3011.0,1,2-0,61,6365,80
83,Under the Bun,-94.7981611,29.2836927,1,1,6.0,restaurant,4.8,,,93.75,"3202 Seawall Boulevard, Galveston (SPOT)",POINT (-94.7981611 29.2836927),Skeptical,Med,No,High,indoor,Truck,,-1,2-0,62,7254,79
83,Under the Bun,-94.7981611,29.2836927,1,1,6.0,restaurant,4.8,,,93.75,"3202 Seawall Boulevard, Galveston (SPOT)",POINT (-94.7981611 29.2836927),Skeptical,Med,No,High,indoor,Truck,,1,2-0,63,7254,80
158,The Spot,-94.7980051,29.2836047,1,1,12914.0,bar,4.3,,,468.75,"3204 Seawall Boulevard, Galveston",POINT (-94.7980051 29.2836047),Skeptical,Med,Yes,High,indoor,Truck,,-1,2-0,64,7254,79
93,The Gumbo Diner,-94.8018983,29.2811811,1,1,3842.0,restaurant,4.4,350,50,350,"3602 Seawall Boulevard, Galveston",POINT (-94.8018983 29.2811811),Skeptical,Med,No,High,indoor,Truck,,-1,2-0,65,7254,78
93,The Gumbo Diner,-94.8018983,29.2811811,1,1,3842.0,restaurant,4.4,350,50,350,"3602 Seawall Boulevard, Galveston",POINT (-94.8018983 29.2811811),Skeptical,Med,No,High,indoor,Truck,,1,2-0,66,7254,79
106,Seawall Bar,-94.8086836,29.2769262,2,1,7.0,bar,4.9,0,0,750,"4302 Seawall Boulevard, Galveston (Tru Hotel)",POINT (-94.8086836 29.2769262),Skeptical,Med,No,Low,indoor,Truck,,-1,2-0,67,7254,78
106,Seawall Bar,-94.8086836,29.2769262,2,1,7.0,bar,4.9,0,0,750,"4302 Seawall Boulevard, Galveston (Tru Hotel)",POINT (-94.8086836 29.2769262),Skeptical,Med,No,Low,indoor,Truck,,2,2-0,68,7254,80
112,The Cove,-94.8183102,29.2725491,1,1,46.0,bar,4.2,0,0,140.625,"5222 Seawall Boulevard, Galveston",POINT (-94.8183102 29.2725491),Skeptical,Med,No,High,indoor,Truck,,-1,2-0,69,7254,79
112,The Cove,-94.8183102,29.2725491,1,1,46.0,bar,4.2,0,0,140.625,"5222 Seawall Boulevard, Galveston",POINT (-94.8183102 29.2725491),Skeptical,Med,No,High,indoor,Truck,,1,2-0,70,7254,80
203,,-94.81271795927027,29.27510482953612,1,0,,,,,,,,,,,,,outdoor,Truck,2011.0,1,2-0,71,8015,81
100,Mr Taco & Limon Paradise,-94.8072763,29.2777842,2,1,129.0,restaurant,4.1,350,50,350,"4112 Seawall Boulevard, Galveston",POINT (-94.8072763 29.2777842),Curious,Med,No,Med,indoor,Truck,,2,2-0,72,8675,83
130,Jetty,-94.81661,29.27279,1,1,30.0,restaurant,2.5,,,93.75,HI seawall,POINT (-94.81661 29.27279),Skeptical,Med,No,High,indoor,Truck,,-1,2-0,73,9015,82
130,Jetty,-94.81661,29.27279,1,1,30.0,restaurant,2.5,,,93.75,HI seawall,POINT (-94.81661 29.27279),Skeptical,Med,No,High,indoor,Truck,,1,2-0,74,9015,83
115,Golden Corral Buffet & Grill,-94.8282526,29.2660613,1,1,4686.0,restaurant,4.2,280,40,280,"6200 Seawall Boulevard, Galveston",POINT (-94.8282526 29.2660613),Skeptical,Med,No,Low,indoor,Truck,,-1,2-0,75,9015,82
115,Golden Corral Buffet & Grill,-94.8282526,29.2660613,1,1,4686.0,restaurant,4.2,280,40,280,"6200 Seawall Boulevard, Galveston",POINT (-94.8282526 29.2660613),Skeptical,Med,No,Low,indoor,Truck,,1,2-0,76,9015,83
25,Gaido's,-94.8045,29.2796255,1,1,5568.0,restaurant,4.4,140,0,140,"3828 Seawall Boulevard, Galveston",POINT (-94.8045 29.2796255),Curious,High,Yes,High,indoor,Truck,,-1,2-0,77,12529,82
95,Redfish Pool Bar,-94.8037861,29.2798569,1,1,7.0,bar,2.9,,,140.625,"3788 Seawall Boulevard, Galveston",POINT (-94.8037861 29.2798569),Skeptical,Med,No,High,indoor,Truck,,1,2-0,78,12599,83
163,Salsas,-94.811817,29.275546,1,1,5484.0,restaurant,4.3,,,656.25,"4604 Seawall Boulevard, Galveston",POINT (-94.811817 29.275546),Skeptical,Med,Yes,Low,indoor,Truck,,-1,2-0,79,12743,82
163,Salsas,-94.811817,29.275546,1,1,5484.0,restaurant,4.3,,,656.25,"4604 Seawall Boulevard, Galveston",POINT (-94.811817 29.275546),Skeptical,Med,Yes,Low,indoor,Truck,,1,2-0,80,12743,83
136,Grotto (under San Luis),-94.818427,29.272606,1,1,136.0,restaurant,4.5,0,0,93.75,,POINT (-94.818427 29.272606),Skeptional,Med,No,High,indoor,Truck,,-1,2-0,81,12743,82
136,Grotto (under San Luis),-94.818427,29.272606,1,1,136.0,restaurant,4.5,0,0,93.75,,POINT (-94.818427 29.272606),Skeptional,Med,No,High,indoor,Truck,,1,2-0,82,12743,83
132,Blake's Bistro (under San Luis),-94.81829196,29.27254012,1,1,70.0,restaurant,4.0,0,0,93.75,San Luis Hotel,POINT (-94.8182919630244 29.2725401175338),Skeptical,Med,No,High,indoor,Truck,,1,2-0,83,12753,84
107,KritiKos Olympia Grill,-94.8157266,29.2734391,1,1,379.0,restaurant,4.3,105,15,105,"4908 Seawall Boulevard suite B, Galveston",POINT (-94.8157266 29.2734391),Curious,Med,No,Low,indoor,Truck,,1,2-0,84,13105,85
138,Tortuga Mexican Kitchen,-94.82559204,29.26748848,1,1,486.0,restaurant,3.0,20,10,20,,POINT (-94.8255920410156 29.2674884796143),Opp,Med,No,Low,indoor,Truck,,-1,2-0,85,13105,84
138,Tortuga Mexican Kitchen,-94.82559204,29.26748848,1,1,486.0,restaurant,3.0,20,10,20,,POINT (-94.8255920410156 29.2674884796143),Opp,Med,No,Low,indoor,Truck,,1,2-0,86,13105,85
240,,-94.81618144806576,29.27207251896977,1,0,,,,,,,,,,,,,outdoor,Truck,3019.0,1,2-0,87,14270,86
113,Landry's Prime Seafood & Steaks,-94.82023169,29.2707352,1,1,637.0,restaurant,3.5,,,93.75,"5310 Seawall Blvd Galveston, TX 77551",POINT (-94.8202316880881 29.270735202849),Skeptical,Med,No,High,indoor,Truck,,-1,2-0,88,14708,85
57,Schlitterbahn Waterpark Galveston,-94.8517369,29.2703671,8,6,4957.0,amusement_park,4.3,,,5500,"2109 Gene Lucas Blvd, Galveston",POINT (-94.8517369 29.2703671),Skeptical,Med,No,Med,indoor,Truck,,-6,2-0,89,15210,79
57,Schlitterbahn Waterpark Galveston,-94.8517369,29.2703671,8,6,4957.0,amusement_park,4.3,,,5500,"2109 Gene Lucas Blvd, Galveston",POINT (-94.8517369 29.2703671),Skeptical,Med,No,Med,indoor,Truck,,8,2-0,90,15210,87
249,,-94.84864400281596,29.260198462095197,1,0,,,,,,,,,,,,,outdoor,Truck,3028.0,1,2-0,91,16476,88
244,,-94.841316614341,29.2581766503582,1,0,,,,,,,,,,,,,outdoor,Truck,3023.0,1,2-0,92,17597,89
245,,-94.8361248635164,29.260958542086108,1,0,,,,,,,,,,,,,outdoor,Truck,3024.0,1,2-0,93,18188,90
243,,-94.83155513372616,29.263467832281307,1,0,,,,,,,,,,,,,outdoor,Truck,3022.0,1,2-0,94,18711,91
213,,-94.8319366364599,29.264478371825057,1,0,,,,,,,,,,,,,outdoor,Truck,2021.0,1,2-0,95,19167,92
242,,-94.8262520532695,29.266291220605424,1,0,,,,,,,,,,,,,outdoor,Truck,3021.0,1,2-0,96,20046,93
206,,-94.82321262591007,29.269059709958142,1,0,,,,,,,,,,,,,outdoor,Truck,2014.0,1,2-0,97,20517,94
239,,-94.8124062388772,29.27425339937392,1,0,,,,,,,,,,,,,outdoor,Truck,3018.0,1,2-0,98,21821,95
134,B. Jiggers Lounge,-94.8166683,29.2725013,1,1,17.0,restaurant,2.5,560,80,560,,POINT (-94.8166683 29.2725013),Skeptical,Med,No,High,indoor,Truck,,-1,2-0,99,22658,94
132,Blake's Bistro (under San Luis),-94.81829196,29.27254012,1,1,70.0,restaurant,4.0,0,0,93.75,San Luis Hotel,POINT (-94.8182919630244 29.2725401175338),Skeptical,Med,No,High,indoor,Truck,,-1,2-0,100,23656,93
137,Rainforest Cafe,-94.82020721,29.27075307,1,1,485.0,restaurant,3.0,350,50,350,,POINT (-94.820207208395 29.270753067342),Skeptical,Med,No,High,indoor,Truck,,-1,2-0,101,24416,92
137,Rainforest Cafe,-94.82020721,29.27075307,1,1,485.0,restaurant,3.0,350,50,350,,POINT (-94.820207208395 29.270753067342),Skeptical,Med,No,High,indoor,Truck,,1,2-0,102,24416,93
113,Landry's Prime Seafood & Steaks,-94.82023169,29.2707352,1,1,637.0,restaurant,3.5,,,93.75,"5310 Seawall Blvd Galveston, TX 77551",POINT (-94.8202316880881 29.270735202849),Skeptical,Med,No,High,indoor,Truck,,1,2-0,103,24417,94
241,,-94.81987694535516,29.270206728176856,1,0,,,,,,,,,,,,,outdoor,Truck,3020.0,1,2-0,104,24502,95
230,,-94.8082561071602,29.27677205068795,1,0,,,,,,,,,,,,,outdoor,Truck,3009.0,1,2-0,105,25848,96
231,,-94.80526213325668,29.278482396580216,1,0,,,,,,,,,,,,,outdoor,Truck,3010.0,1,2-0,106,26194,97
25,Gaido's,-94.8045,29.2796255,1,1,5568.0,restaurant,4.4,140,0,140,"3828 Seawall Boulevard, Galveston",POINT (-94.8045 29.2796255),Curious,High,Yes,High,indoor,Truck,,1,2-0,107,26328,98
107,KritiKos Olympia Grill,-94.8157266,29.2734391,1,1,379.0,restaurant,4.3,105,15,105,"4908 Seawall Boulevard suite B, Galveston",POINT (-94.8157266 29.2734391),Curious,Med,No,Low,indoor,Truck,,-1,2-0,108,26398,97
111,H2O Pool + Bar,-94.817417,29.2723853,11,8,33.0,restaurant,3.5,7500,500,7500,"5222 Seawall Blvd Inside the San Luis Resort Galveston, TX 77551",POINT (-94.817417 29.2723853),Skeptical,Med,No,High,indoor,Truck,,-8,2-0,109,27461,89
111,H2O Pool + Bar,-94.817417,29.2723853,11,8,33.0,restaurant,3.5,7500,500,7500,"5222 Seawall Blvd Inside the San Luis Resort Galveston, TX 77551",POINT (-94.817417 29.2723853),Skeptical,Med,No,High,indoor,Truck,,11,2-0,110,27461,100
134,B. Jiggers Lounge,-94.8166683,29.2725013,1,1,17.0,restaurant,2.5,560,80,560,,POINT (-94.8166683 29.2725013),Skeptical,Med,No,High,indoor,Truck,,1,2-0,111,27553,101
140,Aquarium Pyramid,-94.85420043,29.27236148,2,1,56.0,restaurant,3.5,,,750,"1 Hope Blvd Galveston, TX 77554",POINT (-94.8542004275391 29.2723614780696),Skeptical,Med,Yes,High,indoor,Truck,,-1,2-0,112,27553,100
140,Aquarium Pyramid,-94.85420043,29.27236148,2,1,56.0,restaurant,3.5,,,750,"1 Hope Blvd Galveston, TX 77554",POINT (-94.8542004275391 29.2723614780696),Skeptical,Med,Yes,High,indoor,Truck,,2,2-0,113,27553,102
0,Moody Gardens,-94.8523,29.2736,0,0,,,,,,,,,,,,,depot,Truck,,66,2-0,114,27887,102
